filing_id,company,ticker,cik,form_type,filing_date,period_of_report,accession_number,primary_document,is_inline_xbrl,document_url,local_path
ADBE_10Q_2026-08-28,Adobe Inc.,ADBE,0000796343,10-Q,2026-09-22,2026-08-28,0000796343-26-000156,adbe-20260828.htm,True,https://www.sec.gov/Archives/edgar/data/796343/000079634326000156/adbe-20260828.htm,raw/ADBE/ADBE_10Q_2026-08-28.htm
ADBE_10Q_2026-05-29,Adobe Inc.,ADBE,0000796343,10-Q,2026-06-15,2026-05-29,0000796343-26-000112,adbe-20260529.htm,True,https://www.sec.gov/Archives/edgar/data/796343/000079634326000112/adbe-20260529.htm,raw/ADBE/ADBE_10Q_2026-05-29.htm
ADBE_10Q_2026-02-27,Adobe Inc.,ADBE,0000796343,10-Q,2026-03-25,2026-02-27,0000796343-26-000056,adbe-20260227.htm,True,https://www.sec.gov/Archives/edgar/data/796343/000079634326000056/adbe-20260227.htm,raw/ADBE/ADBE_10Q_2026-02-27.htm
ADBE_10K_2025-11-28,Adobe Inc.,ADBE,0000796343,10-K,2026-01-15,2025-11-28,0000796343-26-000003,adbe-20251128.htm,True,https://www.sec.gov/Archives/edgar/data/796343/000079634326000003/adbe-20251128.htm,raw/ADBE/ADBE_10K_2025-11-28.htm
ADBE_10Q_2025-08-29,Adobe Inc.,ADBE,0000796343,10-Q,2025-09-24,2025-08-29,0000796343-25-000107,adbe-20250829.htm,True,https://www.sec.gov/Archives/edgar/data/796343/000079634325000107/adbe-20250829.htm,raw/ADBE/ADBE_10Q_2025-08-29.htm
ADBE_10Q_2025-05-30,Adobe Inc.,ADBE,0000796343,10-Q,2025-06-25,2025-05-30,0000796343-25-000073,adbe-20250530.htm,True,https://www.sec.gov/Archives/edgar/data/796343/000079634325000073/adbe-20250530.htm,raw/ADBE/ADBE_10Q_2025-05-30.htm
ADBE_10Q_2025-02-28,Adobe Inc.,ADBE,0000796343,10-Q,2025-03-26,2025-02-28,0000796343-25-000059,adbe-20250228.htm,True,https://www.sec.gov/Archives/edgar/data/796343/000079634325000059/adbe-20250228.htm,raw/ADBE/ADBE_10Q_2025-02-28.htm
ADBE_10K_2024-11-29,Adobe Inc.,ADBE,0000796343,10-K,2025-01-13,2024-11-29,0000796343-25-000004,adbe-20241129.htm,True,https://www.sec.gov/Archives/edgar/data/796343/000079634325000004/adbe-20241129.htm,raw/ADBE/ADBE_10K_2024-11-29.htm
AMD_10Q_2026-06-27,Advanced Micro Devices,AMD,0000002488,10-Q,2026-08-05,2026-06-27,0000002488-26-000123,amd-20260627.htm,True,https://www.sec.gov/Archives/edgar/data/2488/000000248826000123/amd-20260627.htm,raw/AMD/AMD_10Q_2026-06-27.htm
AMD_10Q_2026-03-28,Advanced Micro Devices,AMD,0000002488,10-Q,2026-05-06,2026-03-28,0000002488-26-000076,amd-20260328.htm,True,https://www.sec.gov/Archives/edgar/data/2488/000000248826000076/amd-20260328.htm,raw/AMD/AMD_10Q_2026-03-28.htm
AMD_10K_2025-12-27,Advanced Micro Devices,AMD,0000002488,10-K,2026-02-04,2025-12-27,0000002488-26-000018,amd-20251227.htm,True,https://www.sec.gov/Archives/edgar/data/2488/000000248826000018/amd-20251227.htm,raw/AMD/AMD_10K_2025-12-27.htm
AMD_10Q_2025-09-27,Advanced Micro Devices,AMD,0000002488,10-Q,2025-11-05,2025-09-27,0000002488-25-000166,amd-20250927.htm,True,https://www.sec.gov/Archives/edgar/data/2488/000000248825000166/amd-20250927.htm,raw/AMD/AMD_10Q_2025-09-27.htm
AMD_10Q_2025-06-28,Advanced Micro Devices,AMD,0000002488,10-Q,2025-08-06,2025-06-28,0000002488-25-000108,amd-20250628.htm,True,https://www.sec.gov/Archives/edgar/data/2488/000000248825000108/amd-20250628.htm,raw/AMD/AMD_10Q_2025-06-28.htm
AMD_10Q_2025-03-29,Advanced Micro Devices,AMD,0000002488,10-Q,2025-05-07,2025-03-29,0000002488-25-000047,amd-20250329.htm,True,https://www.sec.gov/Archives/edgar/data/2488/000000248825000047/amd-20250329.htm,raw/AMD/AMD_10Q_2025-03-29.htm
AMD_10K_2024-12-28,Advanced Micro Devices,AMD,0000002488,10-K,2025-02-05,2024-12-28,0000002488-25-000012,amd-20241228.htm,True,https://www.sec.gov/Archives/edgar/data/2488/000000248825000012/amd-20241228.htm,raw/AMD/AMD_10K_2024-12-28.htm
AMD_10Q_2024-09-28,Advanced Micro Devices,AMD,0000002488,10-Q,2024-10-30,2024-09-28,0000002488-24-000163,amd-20240928.htm,True,https://www.sec.gov/Archives/edgar/data/2488/000000248824000163/amd-20240928.htm,raw/AMD/AMD_10Q_2024-09-28.htm
ABNB_10Q_2026-06-30,Airbnb,ABNB,0001559720,10-Q,2026-08-06,2026-06-30,0001559720-26-000027,abnb-20260630.htm,True,https://www.sec.gov/Archives/edgar/data/1559720/000155972026000027/abnb-20260630.htm,raw/ABNB/ABNB_10Q_2026-06-30.htm
ABNB_10Q_2026-03-31,Airbnb,ABNB,0001559720,10-Q,2026-05-07,2026-03-31,0001559720-26-000014,abnb-20260331.htm,True,https://www.sec.gov/Archives/edgar/data/1559720/000155972026000014/abnb-20260331.htm,raw/ABNB/ABNB_10Q_2026-03-31.htm
ABNB_10K_2025-12-31,Airbnb,ABNB,0001559720,10-K,2026-02-12,2025-12-31,0001559720-26-000004,abnb-20251231.htm,True,https://www.sec.gov/Archives/edgar/data/1559720/000155972026000004/abnb-20251231.htm,raw/ABNB/ABNB_10K_2025-12-31.htm
ABNB_10Q_2025-09-30,Airbnb,ABNB,0001559720,10-Q,2025-11-06,2025-09-30,0001559720-25-000030,abnb-20250930.htm,True,https://www.sec.gov/Archives/edgar/data/1559720/000155972025000030/abnb-20250930.htm,raw/ABNB/ABNB_10Q_2025-09-30.htm
ABNB_10Q_2025-06-30,Airbnb,ABNB,0001559720,10-Q,2025-08-06,2025-06-30,0001559720-25-000025,abnb-20250630.htm,True,https://www.sec.gov/Archives/edgar/data/1559720/000155972025000025/abnb-20250630.htm,raw/ABNB/ABNB_10Q_2025-06-30.htm
ABNB_10Q_2025-03-31,Airbnb,ABNB,0001559720,10-Q,2025-05-01,2025-03-31,0001559720-25-000017,abnb-20250331.htm,True,https://www.sec.gov/Archives/edgar/data/1559720/000155972025000017/abnb-20250331.htm,raw/ABNB/ABNB_10Q_2025-03-31.htm
ABNB_10K_2024-12-31,Airbnb,ABNB,0001559720,10-K,2025-02-13,2024-12-31,0001559720-25-000010,abnb-20241231.htm,True,https://www.sec.gov/Archives/edgar/data/1559720/000155972025000010/abnb-20241231.htm,raw/ABNB/ABNB_10K_2024-12-31.htm
ABNB_10Q_2024-09-30,Airbnb,ABNB,0001559720,10-Q,2024-11-07,2024-09-30,0001559720-24-000032,abnb-20240930.htm,True,https://www.sec.gov/Archives/edgar/data/1559720/000155972024000032/abnb-20240930.htm,raw/ABNB/ABNB_10Q_2024-09-30.htm
ALNY_10Q_2026-06-30,Alnylam Pharmaceuticals,ALNY,0001178670,10-Q,2026-07-30,2026-06-30,0001178670-26-000062,alny-20260630.htm,True,https://www.sec.gov/Archives/edgar/data/1178670/000117867026000062/alny-20260630.htm,raw/ALNY/ALNY_10Q_2026-06-30.htm
ALNY_10Q_2026-03-31,Alnylam Pharmaceuticals,ALNY,0001178670,10-Q,2026-04-30,2026-03-31,0001628280-26-028605,alny-20260331.htm,True,https://www.sec.gov/Archives/edgar/data/1178670/000162828026028605/alny-20260331.htm,raw/ALNY/ALNY_10Q_2026-03-31.htm
ALNY_10K_2025-12-31,Alnylam Pharmaceuticals,ALNY,0001178670,10-K,2026-02-12,2025-12-31,0001628280-26-007497,alny-20251231.htm,True,https://www.sec.gov/Archives/edgar/data/1178670/000162828026007497/alny-20251231.htm,raw/ALNY/ALNY_10K_2025-12-31.htm
ALNY_10Q_2025-09-30,Alnylam Pharmaceuticals,ALNY,0001178670,10-Q,2025-10-30,2025-09-30,0001628280-25-047345,alny-20250930.htm,True,https://www.sec.gov/Archives/edgar/data/1178670/000162828025047345/alny-20250930.htm,raw/ALNY/ALNY_10Q_2025-09-30.htm
ALNY_10Q_2025-06-30,Alnylam Pharmaceuticals,ALNY,0001178670,10-Q,2025-07-31,2025-06-30,0001178670-25-000090,alny-20250630.htm,True,https://www.sec.gov/Archives/edgar/data/1178670/000117867025000090/alny-20250630.htm,raw/ALNY/ALNY_10Q_2025-06-30.htm
ALNY_10Q_2025-03-31,Alnylam Pharmaceuticals,ALNY,0001178670,10-Q,2025-05-01,2025-03-31,0001178670-25-000052,alny-20250331.htm,True,https://www.sec.gov/Archives/edgar/data/1178670/000117867025000052/alny-20250331.htm,raw/ALNY/ALNY_10Q_2025-03-31.htm
ALNY_10K_2024-12-31,Alnylam Pharmaceuticals,ALNY,0001178670,10-K,2025-02-13,2024-12-31,0001178670-25-000026,alny-20241231.htm,True,https://www.sec.gov/Archives/edgar/data/1178670/000117867025000026/alny-20241231.htm,raw/ALNY/ALNY_10K_2024-12-31.htm
ALNY_10Q_2024-09-30,Alnylam Pharmaceuticals,ALNY,0001178670,10-Q,2024-10-31,2024-09-30,0001178670-24-000053,alny-20240930.htm,True,https://www.sec.gov/Archives/edgar/data/1178670/000117867024000053/alny-20240930.htm,raw/ALNY/ALNY_10Q_2024-09-30.htm
GOOGL_10Q_2026-06-30,Alphabet Inc. (Class A),GOOGL,0001652044,10-Q,2026-07-23,2026-06-30,0001652044-26-000071,goog-20260630.htm,True,https://www.sec.gov/Archives/edgar/data/1652044/000165204426000071/goog-20260630.htm,raw/GOOGL/GOOGL_10Q_2026-06-30.htm
GOOGL_10Q_2026-03-31,Alphabet Inc. (Class A),GOOGL,0001652044,10-Q,2026-04-30,2026-03-31,0001652044-26-000048,goog-20260331.htm,True,https://www.sec.gov/Archives/edgar/data/1652044/000165204426000048/goog-20260331.htm,raw/GOOGL/GOOGL_10Q_2026-03-31.htm
GOOGL_10K_2025-12-31,Alphabet Inc. (Class A),GOOGL,0001652044,10-K,2026-02-05,2025-12-31,0001652044-26-000018,goog-20251231.htm,True,https://www.sec.gov/Archives/edgar/data/1652044/000165204426000018/goog-20251231.htm,raw/GOOGL/GOOGL_10K_2025-12-31.htm
GOOGL_10Q_2025-09-30,Alphabet Inc. (Class A),GOOGL,0001652044,10-Q,2025-10-30,2025-09-30,0001652044-25-000091,goog-20250930.htm,True,https://www.sec.gov/Archives/edgar/data/1652044/000165204425000091/goog-20250930.htm,raw/GOOGL/GOOGL_10Q_2025-09-30.htm
GOOGL_10Q_2025-06-30,Alphabet Inc. (Class A),GOOGL,0001652044,10-Q,2025-07-24,2025-06-30,0001652044-25-000062,goog-20250630.htm,True,https://www.sec.gov/Archives/edgar/data/1652044/000165204425000062/goog-20250630.htm,raw/GOOGL/GOOGL_10Q_2025-06-30.htm
GOOGL_10Q_2025-03-31,Alphabet Inc. (Class A),GOOGL,0001652044,10-Q,2025-04-25,2025-03-31,0001652044-25-000043,goog-20250331.htm,True,https://www.sec.gov/Archives/edgar/data/1652044/000165204425000043/goog-20250331.htm,raw/GOOGL/GOOGL_10Q_2025-03-31.htm
GOOGL_10K_2024-12-31,Alphabet Inc. (Class A),GOOGL,0001652044,10-K,2025-02-05,2024-12-31,0001652044-25-000014,goog-20241231.htm,True,https://www.sec.gov/Archives/edgar/data/1652044/000165204425000014/goog-20241231.htm,raw/GOOGL/GOOGL_10K_2024-12-31.htm
GOOGL_10Q_2024-09-30,Alphabet Inc. (Class A),GOOGL,0001652044,10-Q,2024-10-30,2024-09-30,0001652044-24-000118,goog-20240930.htm,True,https://www.sec.gov/Archives/edgar/data/1652044/000165204424000118/goog-20240930.htm,raw/GOOGL/GOOGL_10Q_2024-09-30.htm
AMZN_10Q_2026-06-30,Amazon,AMZN,0001018724,10-Q,2026-07-31,2026-06-30,0001018724-26-000026,amzn-20260630.htm,True,https://www.sec.gov/Archives/edgar/data/1018724/000101872426000026/amzn-20260630.htm,raw/AMZN/AMZN_10Q_2026-06-30.htm
AMZN_10Q_2026-03-31,Amazon,AMZN,0001018724,10-Q,2026-04-30,2026-03-31,0001018724-26-000014,amzn-20260331.htm,True,https://www.sec.gov/Archives/edgar/data/1018724/000101872426000014/amzn-20260331.htm,raw/AMZN/AMZN_10Q_2026-03-31.htm
AMZN_10K_2025-12-31,Amazon,AMZN,0001018724,10-K,2026-02-06,2025-12-31,0001018724-26-000004,amzn-20251231.htm,True,https://www.sec.gov/Archives/edgar/data/1018724/000101872426000004/amzn-20251231.htm,raw/AMZN/AMZN_10K_2025-12-31.htm
AMZN_10Q_2025-09-30,Amazon,AMZN,0001018724,10-Q,2025-10-31,2025-09-30,0001018724-25-000123,amzn-20250930.htm,True,https://www.sec.gov/Archives/edgar/data/1018724/000101872425000123/amzn-20250930.htm,raw/AMZN/AMZN_10Q_2025-09-30.htm
AMZN_10Q_2025-06-30,Amazon,AMZN,0001018724,10-Q,2025-08-01,2025-06-30,0001018724-25-000086,amzn-20250630.htm,True,https://www.sec.gov/Archives/edgar/data/1018724/000101872425000086/amzn-20250630.htm,raw/AMZN/AMZN_10Q_2025-06-30.htm
AMZN_10Q_2025-03-31,Amazon,AMZN,0001018724,10-Q,2025-05-02,2025-03-31,0001018724-25-000036,amzn-20250331.htm,True,https://www.sec.gov/Archives/edgar/data/1018724/000101872425000036/amzn-20250331.htm,raw/AMZN/AMZN_10Q_2025-03-31.htm
AMZN_10K_2024-12-31,Amazon,AMZN,0001018724,10-K,2025-02-07,2024-12-31,0001018724-25-000004,amzn-20241231.htm,True,https://www.sec.gov/Archives/edgar/data/1018724/000101872425000004/amzn-20241231.htm,raw/AMZN/AMZN_10K_2024-12-31.htm
AMZN_10Q_2024-09-30,Amazon,AMZN,0001018724,10-Q,2024-11-01,2024-09-30,0001018724-24-000161,amzn-20240930.htm,True,https://www.sec.gov/Archives/edgar/data/1018724/000101872424000161/amzn-20240930.htm,raw/AMZN/AMZN_10Q_2024-09-30.htm
AEP_10Q_2026-06-30,American Electric Power,AEP,0000004904,10-Q,2026-07-30,2026-06-30,0000004904-26-000059,aep-20260630.htm,True,https://www.sec.gov/Archives/edgar/data/4904/000000490426000059/aep-20260630.htm,raw/AEP/AEP_10Q_2026-06-30.htm
AEP_10Q_2026-03-31,American Electric Power,AEP,0000004904,10-Q,2026-05-05,2026-03-31,0000004904-26-000034,aep-20260331.htm,True,https://www.sec.gov/Archives/edgar/data/4904/000000490426000034/aep-20260331.htm,raw/AEP/AEP_10Q_2026-03-31.htm
AEP_10K_2025-12-31,American Electric Power,AEP,0000004904,10-K,2026-02-12,2025-12-31,0000004904-26-000013,aep-20251231.htm,True,https://www.sec.gov/Archives/edgar/data/4904/000000490426000013/aep-20251231.htm,raw/AEP/AEP_10K_2025-12-31.htm
AEP_10Q_2025-09-30,American Electric Power,AEP,0000004904,10-Q,2025-10-29,2025-09-30,0000004904-25-000171,aep-20250930.htm,True,https://www.sec.gov/Archives/edgar/data/4904/000000490425000171/aep-20250930.htm,raw/AEP/AEP_10Q_2025-09-30.htm
AEP_10Q_2025-06-30,American Electric Power,AEP,0000004904,10-Q,2025-07-30,2025-06-30,0000004904-25-000141,aep-20250630.htm,True,https://www.sec.gov/Archives/edgar/data/4904/000000490425000141/aep-20250630.htm,raw/AEP/AEP_10Q_2025-06-30.htm
AEP_10Q_2025-03-31,American Electric Power,AEP,0000004904,10-Q,2025-05-06,2025-03-31,0000004904-25-000061,aep-20250331.htm,True,https://www.sec.gov/Archives/edgar/data/4904/000000490425000061/aep-20250331.htm,raw/AEP/AEP_10Q_2025-03-31.htm
AEP_10K_2024-12-31,American Electric Power,AEP,0000004904,10-K,2025-02-13,2024-12-31,0000004904-25-000027,aep-20241231.htm,True,https://www.sec.gov/Archives/edgar/data/4904/000000490425000027/aep-20241231.htm,raw/AEP/AEP_10K_2024-12-31.htm
AEP_10Q_2024-09-30,American Electric Power,AEP,0000004904,10-Q,2024-11-06,2024-09-30,0000004904-24-000100,aep-20240930.htm,True,https://www.sec.gov/Archives/edgar/data/4904/000000490424000100/aep-20240930.htm,raw/AEP/AEP_10Q_2024-09-30.htm
AMGN_10Q_2026-06-30,Amgen,AMGN,0000318154,10-Q,2026-08-05,2026-06-30,0000318154-26-000126,amgn-20260630.htm,True,https://www.sec.gov/Archives/edgar/data/318154/000031815426000126/amgn-20260630.htm,raw/AMGN/AMGN_10Q_2026-06-30.htm
AMGN_10Q_2026-03-31,Amgen,AMGN,0000318154,10-Q,2026-05-01,2026-03-31,0000318154-26-000057,amgn-20260331.htm,True,https://www.sec.gov/Archives/edgar/data/318154/000031815426000057/amgn-20260331.htm,raw/AMGN/AMGN_10Q_2026-03-31.htm
AMGN_10K_2025-12-31,Amgen,AMGN,0000318154,10-K,2026-02-13,2025-12-31,0000318154-26-000010,amgn-20251231.htm,True,https://www.sec.gov/Archives/edgar/data/318154/000031815426000010/amgn-20251231.htm,raw/AMGN/AMGN_10K_2025-12-31.htm
AMGN_10Q_2025-09-30,Amgen,AMGN,0000318154,10-Q,2025-11-05,2025-09-30,0000318154-25-000072,amgn-20250930.htm,True,https://www.sec.gov/Archives/edgar/data/318154/000031815425000072/amgn-20250930.htm,raw/AMGN/AMGN_10Q_2025-09-30.htm
AMGN_10Q_2025-06-30,Amgen,AMGN,0000318154,10-Q,2025-08-06,2025-06-30,0000318154-25-000056,amgn-20250630.htm,True,https://www.sec.gov/Archives/edgar/data/318154/000031815425000056/amgn-20250630.htm,raw/AMGN/AMGN_10Q_2025-06-30.htm
AMGN_10Q_2025-03-31,Amgen,AMGN,0000318154,10-Q,2025-05-02,2025-03-31,0000318154-25-000020,amgn-20250331.htm,True,https://www.sec.gov/Archives/edgar/data/318154/000031815425000020/amgn-20250331.htm,raw/AMGN/AMGN_10Q_2025-03-31.htm
AMGN_10K_2024-12-31,Amgen,AMGN,0000318154,10-K,2025-02-14,2024-12-31,0000318154-25-000010,amgn-20241231.htm,True,https://www.sec.gov/Archives/edgar/data/318154/000031815425000010/amgn-20241231.htm,raw/AMGN/AMGN_10K_2024-12-31.htm
AMGN_10Q_2024-09-30,Amgen,AMGN,0000318154,10-Q,2024-10-31,2024-09-30,0000318154-24-000044,amgn-20240930.htm,True,https://www.sec.gov/Archives/edgar/data/318154/000031815424000044/amgn-20240930.htm,raw/AMGN/AMGN_10Q_2024-09-30.htm
ADI_10Q_2026-08-01,Analog Devices,ADI,0000006281,10-Q,2026-08-19,2026-08-01,0000006281-26-000073,adi-20260801.htm,True,https://www.sec.gov/Archives/edgar/data/6281/000000628126000073/adi-20260801.htm,raw/ADI/ADI_10Q_2026-08-01.htm
ADI_10Q_2026-05-02,Analog Devices,ADI,0000006281,10-Q,2026-05-20,2026-05-02,0000006281-26-000052,adi-20260502.htm,True,https://www.sec.gov/Archives/edgar/data/6281/000000628126000052/adi-20260502.htm,raw/ADI/ADI_10Q_2026-05-02.htm
ADI_10Q_2026-01-31,Analog Devices,ADI,0000006281,10-Q,2026-02-18,2026-01-31,0000006281-26-000016,adi-20260131.htm,True,https://www.sec.gov/Archives/edgar/data/6281/000000628126000016/adi-20260131.htm,raw/ADI/ADI_10Q_2026-01-31.htm
ADI_10K_2025-11-01,Analog Devices,ADI,0000006281,10-K,2025-11-25,2025-11-01,0000006281-25-000153,adi-20251101.htm,True,https://www.sec.gov/Archives/edgar/data/6281/000000628125000153/adi-20251101.htm,raw/ADI/ADI_10K_2025-11-01.htm
ADI_10Q_2025-08-02,Analog Devices,ADI,0000006281,10-Q,2025-08-20,2025-08-02,0000006281-25-000144,adi-20250802.htm,True,https://www.sec.gov/Archives/edgar/data/6281/000000628125000144/adi-20250802.htm,raw/ADI/ADI_10Q_2025-08-02.htm
ADI_10Q_2025-05-03,Analog Devices,ADI,0000006281,10-Q,2025-05-22,2025-05-03,0000006281-25-000125,adi-20250503.htm,True,https://www.sec.gov/Archives/edgar/data/6281/000000628125000125/adi-20250503.htm,raw/ADI/ADI_10Q_2025-05-03.htm
ADI_10Q_2025-02-01,Analog Devices,ADI,0000006281,10-Q,2025-02-19,2025-02-01,0000006281-25-000023,adi-20250201.htm,True,https://www.sec.gov/Archives/edgar/data/6281/000000628125000023/adi-20250201.htm,raw/ADI/ADI_10Q_2025-02-01.htm
ADI_10K_2024-11-02,Analog Devices,ADI,0000006281,10-K,2024-11-26,2024-11-02,0000006281-24-000204,adi-20241102.htm,True,https://www.sec.gov/Archives/edgar/data/6281/000000628124000204/adi-20241102.htm,raw/ADI/ADI_10K_2024-11-02.htm
AAPL_10Q_2026-06-27,Apple Inc.,AAPL,0000320193,10-Q,2026-07-31,2026-06-27,0000320193-26-000020,aapl-20260627.htm,True,https://www.sec.gov/Archives/edgar/data/320193/000032019326000020/aapl-20260627.htm,raw/AAPL/AAPL_10Q_2026-06-27.htm
AAPL_10Q_2026-03-28,Apple Inc.,AAPL,0000320193,10-Q,2026-05-01,2026-03-28,0000320193-26-000013,aapl-20260328.htm,True,https://www.sec.gov/Archives/edgar/data/320193/000032019326000013/aapl-20260328.htm,raw/AAPL/AAPL_10Q_2026-03-28.htm
AAPL_10Q_2025-12-27,Apple Inc.,AAPL,0000320193,10-Q,2026-01-30,2025-12-27,0000320193-26-000006,aapl-20251227.htm,True,https://www.sec.gov/Archives/edgar/data/320193/000032019326000006/aapl-20251227.htm,raw/AAPL/AAPL_10Q_2025-12-27.htm
AAPL_10K_2025-09-27,Apple Inc.,AAPL,0000320193,10-K,2025-10-31,2025-09-27,0000320193-25-000079,aapl-20250927.htm,True,https://www.sec.gov/Archives/edgar/data/320193/000032019325000079/aapl-20250927.htm,raw/AAPL/AAPL_10K_2025-09-27.htm
AAPL_10Q_2025-06-28,Apple Inc.,AAPL,0000320193,10-Q,2025-08-01,2025-06-28,0000320193-25-000073,aapl-20250628.htm,True,https://www.sec.gov/Archives/edgar/data/320193/000032019325000073/aapl-20250628.htm,raw/AAPL/AAPL_10Q_2025-06-28.htm
AAPL_10Q_2025-03-29,Apple Inc.,AAPL,0000320193,10-Q,2025-05-02,2025-03-29,0000320193-25-000057,aapl-20250329.htm,True,https://www.sec.gov/Archives/edgar/data/320193/000032019325000057/aapl-20250329.htm,raw/AAPL/AAPL_10Q_2025-03-29.htm
AAPL_10Q_2024-12-28,Apple Inc.,AAPL,0000320193,10-Q,2025-01-31,2024-12-28,0000320193-25-000008,aapl-20241228.htm,True,https://www.sec.gov/Archives/edgar/data/320193/000032019325000008/aapl-20241228.htm,raw/AAPL/AAPL_10Q_2024-12-28.htm
AAPL_10K_2024-09-28,Apple Inc.,AAPL,0000320193,10-K,2024-11-01,2024-09-28,0000320193-24-000123,aapl-20240928.htm,True,https://www.sec.gov/Archives/edgar/data/320193/000032019324000123/aapl-20240928.htm,raw/AAPL/AAPL_10K_2024-09-28.htm
AMAT_10Q_2026-07-26,Applied Materials,AMAT,0000006951,10-Q,2026-08-20,2026-07-26,0001628280-26-058235,amat-20260726.htm,True,https://www.sec.gov/Archives/edgar/data/6951/000162828026058235/amat-20260726.htm,raw/AMAT/AMAT_10Q_2026-07-26.htm
AMAT_10Q_2026-04-26,Applied Materials,AMAT,0000006951,10-Q,2026-05-21,2026-04-26,0001628280-26-037227,amat-20260426.htm,True,https://www.sec.gov/Archives/edgar/data/6951/000162828026037227/amat-20260426.htm,raw/AMAT/AMAT_10Q_2026-04-26.htm
AMAT_10Q_2026-01-25,Applied Materials,AMAT,0000006951,10-Q,2026-02-19,2026-01-25,0001628280-26-009694,amat-20260125.htm,True,https://www.sec.gov/Archives/edgar/data/6951/000162828026009694/amat-20260125.htm,raw/AMAT/AMAT_10Q_2026-01-25.htm
AMAT_10K_2025-10-26,Applied Materials,AMAT,0000006951,10-K,2025-12-12,2025-10-26,0001628280-25-056742,amat-20251026.htm,True,https://www.sec.gov/Archives/edgar/data/6951/000162828025056742/amat-20251026.htm,raw/AMAT/AMAT_10K_2025-10-26.htm
AMAT_10Q_2025-07-27,Applied Materials,AMAT,0000006951,10-Q,2025-08-21,2025-07-27,0000006951-25-000037,amat-20250727.htm,True,https://www.sec.gov/Archives/edgar/data/6951/000000695125000037/amat-20250727.htm,raw/AMAT/AMAT_10Q_2025-07-27.htm
AMAT_10Q_2025-04-27,Applied Materials,AMAT,0000006951,10-Q,2025-05-22,2025-04-27,0000006951-25-000024,amat-20250427.htm,True,https://www.sec.gov/Archives/edgar/data/6951/000000695125000024/amat-20250427.htm,raw/AMAT/AMAT_10Q_2025-04-27.htm
AMAT_10Q_2025-01-26,Applied Materials,AMAT,0000006951,10-Q,2025-02-20,2025-01-26,0000006951-25-000011,amat-20250126.htm,True,https://www.sec.gov/Archives/edgar/data/6951/000000695125000011/amat-20250126.htm,raw/AMAT/AMAT_10Q_2025-01-26.htm
AMAT_10K_2024-10-27,Applied Materials,AMAT,0000006951,10-K,2024-12-13,2024-10-27,0000006951-24-000044,amat-20241027.htm,True,https://www.sec.gov/Archives/edgar/data/6951/000000695124000044/amat-20241027.htm,raw/AMAT/AMAT_10K_2024-10-27.htm
APP_10Q_2026-06-30,AppLovin,APP,0001751008,10-Q,2026-08-05,2026-06-30,0001751008-26-000059,app-20260630.htm,True,https://www.sec.gov/Archives/edgar/data/1751008/000175100826000059/app-20260630.htm,raw/APP/APP_10Q_2026-06-30.htm
APP_10Q_2026-03-31,AppLovin,APP,0001751008,10-Q,2026-05-06,2026-03-31,0001751008-26-000044,app-20260331.htm,True,https://www.sec.gov/Archives/edgar/data/1751008/000175100826000044/app-20260331.htm,raw/APP/APP_10Q_2026-03-31.htm
APP_10K_2025-12-31,AppLovin,APP,0001751008,10-K,2026-02-19,2025-12-31,0001751008-26-000010,app-20251231.htm,True,https://www.sec.gov/Archives/edgar/data/1751008/000175100826000010/app-20251231.htm,raw/APP/APP_10K_2025-12-31.htm
APP_10Q_2025-09-30,AppLovin,APP,0001751008,10-Q,2025-11-05,2025-09-30,0001751008-25-000081,app-20250930.htm,True,https://www.sec.gov/Archives/edgar/data/1751008/000175100825000081/app-20250930.htm,raw/APP/APP_10Q_2025-09-30.htm
APP_10Q_2025-06-30,AppLovin,APP,0001751008,10-Q,2025-08-06,2025-06-30,0001751008-25-000072,app-20250630.htm,True,https://www.sec.gov/Archives/edgar/data/1751008/000175100825000072/app-20250630.htm,raw/APP/APP_10Q_2025-06-30.htm
APP_10Q_2025-03-31,AppLovin,APP,0001751008,10-Q,2025-05-07,2025-03-31,0001751008-25-000053,app-20250331.htm,True,https://www.sec.gov/Archives/edgar/data/1751008/000175100825000053/app-20250331.htm,raw/APP/APP_10Q_2025-03-31.htm
APP_10K_2024-12-31,AppLovin,APP,0001751008,10-K,2025-02-27,2024-12-31,0001751008-25-000018,app-20241231.htm,True,https://www.sec.gov/Archives/edgar/data/1751008/000175100825000018/app-20241231.htm,raw/APP/APP_10K_2024-12-31.htm
APP_10Q_2024-09-30,AppLovin,APP,0001751008,10-Q,2024-11-06,2024-09-30,0001751008-24-000062,app-20240930.htm,True,https://www.sec.gov/Archives/edgar/data/1751008/000175100824000062/app-20240930.htm,raw/APP/APP_10Q_2024-09-30.htm
ALAB_10Q_2026-06-30,Astera Labs,ALAB,0001736297,10-Q,2026-08-05,2026-06-30,0001736297-26-000035,alab-20260630.htm,True,https://www.sec.gov/Archives/edgar/data/1736297/000173629726000035/alab-20260630.htm,raw/ALAB/ALAB_10Q_2026-06-30.htm
ALAB_10Q_2026-03-31,Astera Labs,ALAB,0001736297,10-Q,2026-05-06,2026-03-31,0001736297-26-000020,alab-20260331.htm,True,https://www.sec.gov/Archives/edgar/data/1736297/000173629726000020/alab-20260331.htm,raw/ALAB/ALAB_10Q_2026-03-31.htm
ALAB_10K_2025-12-31,Astera Labs,ALAB,0001736297,10-K,2026-02-20,2025-12-31,0001736297-26-000010,alab-20251231.htm,True,https://www.sec.gov/Archives/edgar/data/1736297/000173629726000010/alab-20251231.htm,raw/ALAB/ALAB_10K_2025-12-31.htm
ALAB_10Q_2025-09-30,Astera Labs,ALAB,0001736297,10-Q,2025-11-05,2025-09-30,0001736297-25-000147,alab-20250930.htm,True,https://www.sec.gov/Archives/edgar/data/1736297/000173629725000147/alab-20250930.htm,raw/ALAB/ALAB_10Q_2025-09-30.htm
ALAB_10Q_2025-06-30,Astera Labs,ALAB,0001736297,10-Q,2025-08-06,2025-06-30,0001736297-25-000098,alab-20250630.htm,True,https://www.sec.gov/Archives/edgar/data/1736297/000173629725000098/alab-20250630.htm,raw/ALAB/ALAB_10Q_2025-06-30.htm
ALAB_10Q_2025-03-31,Astera Labs,ALAB,0001736297,10-Q,2025-05-07,2025-03-31,0001736297-25-000031,alab-20250331.htm,True,https://www.sec.gov/Archives/edgar/data/1736297/000173629725000031/alab-20250331.htm,raw/ALAB/ALAB_10Q_2025-03-31.htm
ALAB_10K_2024-12-31,Astera Labs,ALAB,0001736297,10-K,2025-02-14,2024-12-31,0001736297-25-000003,alab-20241231.htm,True,https://www.sec.gov/Archives/edgar/data/1736297/000173629725000003/alab-20241231.htm,raw/ALAB/ALAB_10K_2024-12-31.htm
ALAB_10Q_2024-09-30,Astera Labs,ALAB,0001736297,10-Q,2024-11-05,2024-09-30,0001736297-24-000043,alab-20240930.htm,True,https://www.sec.gov/Archives/edgar/data/1736297/000173629724000043/alab-20240930.htm,raw/ALAB/ALAB_10Q_2024-09-30.htm
ADSK_10Q_2026-07-31,Autodesk,ADSK,0000769397,10-Q,2026-08-28,2026-07-31,0000769397-26-000061,adsk-20260731.htm,True,https://www.sec.gov/Archives/edgar/data/769397/000076939726000061/adsk-20260731.htm,raw/ADSK/ADSK_10Q_2026-07-31.htm
ADSK_10Q_2026-04-30,Autodesk,ADSK,0000769397,10-Q,2026-05-29,2026-04-30,0000769397-26-000044,adsk-20260430.htm,True,https://www.sec.gov/Archives/edgar/data/769397/000076939726000044/adsk-20260430.htm,raw/ADSK/ADSK_10Q_2026-04-30.htm
ADSK_10K_2026-01-31,Autodesk,ADSK,0000769397,10-K,2026-03-03,2026-01-31,0000769397-26-000015,adsk-20260131.htm,True,https://www.sec.gov/Archives/edgar/data/769397/000076939726000015/adsk-20260131.htm,raw/ADSK/ADSK_10K_2026-01-31.htm
ADSK_10Q_2025-10-31,Autodesk,ADSK,0000769397,10-Q,2025-11-26,2025-10-31,0000769397-25-000129,adsk-20251031.htm,True,https://www.sec.gov/Archives/edgar/data/769397/000076939725000129/adsk-20251031.htm,raw/ADSK/ADSK_10Q_2025-10-31.htm
ADSK_10Q_2025-07-31,Autodesk,ADSK,0000769397,10-Q,2025-09-02,2025-07-31,0000769397-25-000117,adsk-20250731.htm,True,https://www.sec.gov/Archives/edgar/data/769397/000076939725000117/adsk-20250731.htm,raw/ADSK/ADSK_10Q_2025-07-31.htm
ADSK_10Q_2025-04-30,Autodesk,ADSK,0000769397,10-Q,2025-05-29,2025-04-30,0000769397-25-000071,adsk-20250430.htm,True,https://www.sec.gov/Archives/edgar/data/769397/000076939725000071/adsk-20250430.htm,raw/ADSK/ADSK_10Q_2025-04-30.htm
ADSK_10K_2025-01-31,Autodesk,ADSK,0000769397,10-K,2025-03-06,2025-01-31,0000769397-25-000019,adsk-20250131.htm,True,https://www.sec.gov/Archives/edgar/data/769397/000076939725000019/adsk-20250131.htm,raw/ADSK/ADSK_10K_2025-01-31.htm
ADSK_10Q_2024-10-31,Autodesk,ADSK,0000769397,10-Q,2024-12-03,2024-10-31,0000769397-24-000181,adsk-20241031.htm,True,https://www.sec.gov/Archives/edgar/data/769397/000076939724000181/adsk-20241031.htm,raw/ADSK/ADSK_10Q_2024-10-31.htm
ADP_10K_2026-06-30,Automatic Data Processing,ADP,0000008670,10-K,2026-08-05,2026-06-30,0000008670-26-000030,adp-20260630.htm,True,https://www.sec.gov/Archives/edgar/data/8670/000000867026000030/adp-20260630.htm,raw/ADP/ADP_10K_2026-06-30.htm
ADP_10Q_2026-03-31,Automatic Data Processing,ADP,0000008670,10-Q,2026-04-30,2026-03-31,0000008670-26-000022,adp-20260331.htm,True,https://www.sec.gov/Archives/edgar/data/8670/000000867026000022/adp-20260331.htm,raw/ADP/ADP_10Q_2026-03-31.htm
ADP_10Q_2025-12-31,Automatic Data Processing,ADP,0000008670,10-Q,2026-01-29,2025-12-31,0000008670-26-000011,adp-20251231.htm,True,https://www.sec.gov/Archives/edgar/data/8670/000000867026000011/adp-20251231.htm,raw/ADP/ADP_10Q_2025-12-31.htm
ADP_10Q_2025-09-30,Automatic Data Processing,ADP,0000008670,10-Q,2025-10-31,2025-09-30,0000008670-25-000047,adp-20250930.htm,True,https://www.sec.gov/Archives/edgar/data/8670/000000867025000047/adp-20250930.htm,raw/ADP/ADP_10Q_2025-09-30.htm
ADP_10K_2025-06-30,Automatic Data Processing,ADP,0000008670,10-K,2025-08-06,2025-06-30,0000008670-25-000037,adp-20250630.htm,True,https://www.sec.gov/Archives/edgar/data/8670/000000867025000037/adp-20250630.htm,raw/ADP/ADP_10K_2025-06-30.htm
ADP_10Q_2025-03-31,Automatic Data Processing,ADP,0000008670,10-Q,2025-05-01,2025-03-31,0000008670-25-000015,adp-20250331.htm,True,https://www.sec.gov/Archives/edgar/data/8670/000000867025000015/adp-20250331.htm,raw/ADP/ADP_10Q_2025-03-31.htm
ADP_10Q_2024-12-31,Automatic Data Processing,ADP,0000008670,10-Q,2025-01-30,2024-12-31,0000008670-25-000007,adp-20241231.htm,True,https://www.sec.gov/Archives/edgar/data/8670/000000867025000007/adp-20241231.htm,raw/ADP/ADP_10Q_2024-12-31.htm
ADP_10Q_2024-09-30,Automatic Data Processing,ADP,0000008670,10-Q,2024-11-01,2024-09-30,0000008670-24-000030,adp-20240930.htm,True,https://www.sec.gov/Archives/edgar/data/8670/000000867024000030/adp-20240930.htm,raw/ADP/ADP_10Q_2024-09-30.htm
AXON_10Q_2026-06-30,Axon Enterprise,AXON,0001069183,10-Q,2026-08-06,2026-06-30,0001628280-26-053646,axon-20260630.htm,True,https://www.sec.gov/Archives/edgar/data/1069183/000162828026053646/axon-20260630.htm,raw/AXON/AXON_10Q_2026-06-30.htm
AXON_10Q_2026-03-31,Axon Enterprise,AXON,0001069183,10-Q,2026-05-07,2026-03-31,0001628280-26-031542,axon-20260331.htm,True,https://www.sec.gov/Archives/edgar/data/1069183/000162828026031542/axon-20260331.htm,raw/AXON/AXON_10Q_2026-03-31.htm
AXON_10K_2025-12-31,Axon Enterprise,AXON,0001069183,10-K,2026-02-25,2025-12-31,0001628280-26-011360,axon-20251231.htm,True,https://www.sec.gov/Archives/edgar/data/1069183/000162828026011360/axon-20251231.htm,raw/AXON/AXON_10K_2025-12-31.htm
AXON_10Q_2025-09-30,Axon Enterprise,AXON,0001069183,10-Q,2025-11-05,2025-09-30,0001628280-25-049143,axon-20250930.htm,True,https://www.sec.gov/Archives/edgar/data/1069183/000162828025049143/axon-20250930.htm,raw/AXON/AXON_10Q_2025-09-30.htm
AXON_10Q_2025-06-30,Axon Enterprise,AXON,0001069183,10-Q,2025-08-05,2025-06-30,0001069183-25-000181,axon-20250630.htm,True,https://www.sec.gov/Archives/edgar/data/1069183/000106918325000181/axon-20250630.htm,raw/AXON/AXON_10Q_2025-06-30.htm
AXON_10Q_2025-03-31,Axon Enterprise,AXON,0001069183,10-Q,2025-05-07,2025-03-31,0001069183-25-000077,axon-20250331.htm,True,https://www.sec.gov/Archives/edgar/data/1069183/000106918325000077/axon-20250331.htm,raw/AXON/AXON_10Q_2025-03-31.htm
AXON_10K_2024-12-31,Axon Enterprise,AXON,0001069183,10-K,2025-02-28,2024-12-31,0001069183-25-000019,axon-20241231.htm,True,https://www.sec.gov/Archives/edgar/data/1069183/000106918325000019/axon-20241231.htm,raw/AXON/AXON_10K_2024-12-31.htm
AXON_10Q_2024-09-30,Axon Enterprise,AXON,0001069183,10-Q,2024-11-08,2024-09-30,0001069183-24-000061,axon-20240930.htm,True,https://www.sec.gov/Archives/edgar/data/1069183/000106918324000061/axon-20240930.htm,raw/AXON/AXON_10Q_2024-09-30.htm
BKR_10Q_2026-06-30,Baker Hughes,BKR,0001701605,10-Q,2026-07-27,2026-06-30,0001701605-26-000023,bkr-20260630.htm,True,https://www.sec.gov/Archives/edgar/data/1701605/000170160526000023/bkr-20260630.htm,raw/BKR/BKR_10Q_2026-06-30.htm
BKR_10Q_2026-03-31,Baker Hughes,BKR,0001701605,10-Q,2026-04-24,2026-03-31,0001701605-26-000014,bkr-20260331.htm,True,https://www.sec.gov/Archives/edgar/data/1701605/000170160526000014/bkr-20260331.htm,raw/BKR/BKR_10Q_2026-03-31.htm
BKR_10K_2025-12-31,Baker Hughes,BKR,0001701605,10-K,2026-02-05,2025-12-31,0001701605-26-000007,bkr-20251231.htm,True,https://www.sec.gov/Archives/edgar/data/1701605/000170160526000007/bkr-20251231.htm,raw/BKR/BKR_10K_2025-12-31.htm
BKR_10Q_2025-09-30,Baker Hughes,BKR,0001701605,10-Q,2025-10-24,2025-09-30,0001701605-25-000117,bkr-20250930.htm,True,https://www.sec.gov/Archives/edgar/data/1701605/000170160525000117/bkr-20250930.htm,raw/BKR/BKR_10Q_2025-09-30.htm
BKR_10Q_2025-06-30,Baker Hughes,BKR,0001701605,10-Q,2025-07-23,2025-06-30,0001701605-25-000107,bkr-20250630.htm,True,https://www.sec.gov/Archives/edgar/data/1701605/000170160525000107/bkr-20250630.htm,raw/BKR/BKR_10Q_2025-06-30.htm
BKR_10Q_2025-03-31,Baker Hughes,BKR,0001701605,10-Q,2025-04-23,2025-03-31,0001701605-25-000075,bkr-20250331.htm,True,https://www.sec.gov/Archives/edgar/data/1701605/000170160525000075/bkr-20250331.htm,raw/BKR/BKR_10Q_2025-03-31.htm
BKR_10K_2024-12-31,Baker Hughes,BKR,0001701605,10-K,2025-02-04,2024-12-31,0001701605-25-000035,bkr-20241231.htm,True,https://www.sec.gov/Archives/edgar/data/1701605/000170160525000035/bkr-20241231.htm,raw/BKR/BKR_10K_2024-12-31.htm
BKR_10Q_2024-09-30,Baker Hughes,BKR,0001701605,10-Q,2024-10-23,2024-09-30,0001701605-24-000131,bkr-20240930.htm,True,https://www.sec.gov/Archives/edgar/data/1701605/000170160524000131/bkr-20240930.htm,raw/BKR/BKR_10Q_2024-09-30.htm
BKNG_10Q_2026-06-30,Booking Holdings,BKNG,0001075531,10-Q,2026-08-04,2026-06-30,0001075531-26-000037,bkng-20260630.htm,True,https://www.sec.gov/Archives/edgar/data/1075531/000107553126000037/bkng-20260630.htm,raw/BKNG/BKNG_10Q_2026-06-30.htm
BKNG_10Q_2026-03-31,Booking Holdings,BKNG,0001075531,10-Q,2026-04-28,2026-03-31,0001075531-26-000025,bkng-20260331.htm,True,https://www.sec.gov/Archives/edgar/data/1075531/000107553126000025/bkng-20260331.htm,raw/BKNG/BKNG_10Q_2026-03-31.htm
BKNG_10K_2025-12-31,Booking Holdings,BKNG,0001075531,10-K,2026-02-18,2025-12-31,0001075531-26-000009,bkng-20251231.htm,True,https://www.sec.gov/Archives/edgar/data/1075531/000107553126000009/bkng-20251231.htm,raw/BKNG/BKNG_10K_2025-12-31.htm
BKNG_10Q_2025-09-30,Booking Holdings,BKNG,0001075531,10-Q,2025-10-28,2025-09-30,0001075531-25-000051,bkng-20250930.htm,True,https://www.sec.gov/Archives/edgar/data/1075531/000107553125000051/bkng-20250930.htm,raw/BKNG/BKNG_10Q_2025-09-30.htm
BKNG_10Q_2025-06-30,Booking Holdings,BKNG,0001075531,10-Q,2025-07-29,2025-06-30,0001075531-25-000036,bkng-20250630.htm,True,https://www.sec.gov/Archives/edgar/data/1075531/000107553125000036/bkng-20250630.htm,raw/BKNG/BKNG_10Q_2025-06-30.htm
BKNG_10Q_2025-03-31,Booking Holdings,BKNG,0001075531,10-Q,2025-04-29,2025-03-31,0001075531-25-000024,bkng-20250331.htm,True,https://www.sec.gov/Archives/edgar/data/1075531/000107553125000024/bkng-20250331.htm,raw/BKNG/BKNG_10Q_2025-03-31.htm
BKNG_10K_2024-12-31,Booking Holdings,BKNG,0001075531,10-K,2025-02-20,2024-12-31,0001075531-25-000010,bkng-20241231.htm,True,https://www.sec.gov/Archives/edgar/data/1075531/000107553125000010/bkng-20241231.htm,raw/BKNG/BKNG_10K_2024-12-31.htm
BKNG_10Q_2024-09-30,Booking Holdings,BKNG,0001075531,10-Q,2024-10-30,2024-09-30,0001075531-24-000048,bkng-20240930.htm,True,https://www.sec.gov/Archives/edgar/data/1075531/000107553124000048/bkng-20240930.htm,raw/BKNG/BKNG_10Q_2024-09-30.htm
AVGO_10Q_2026-08-02,Broadcom,AVGO,0001730168,10-Q,2026-09-10,2026-08-02,0001730168-26-000080,avgo-20260802.htm,True,https://www.sec.gov/Archives/edgar/data/1730168/000173016826000080/avgo-20260802.htm,raw/AVGO/AVGO_10Q_2026-08-02.htm
AVGO_10Q_2026-05-03,Broadcom,AVGO,0001730168,10-Q,2026-06-09,2026-05-03,0001730168-26-000054,avgo-20260503.htm,True,https://www.sec.gov/Archives/edgar/data/1730168/000173016826000054/avgo-20260503.htm,raw/AVGO/AVGO_10Q_2026-05-03.htm
AVGO_10Q_2026-02-01,Broadcom,AVGO,0001730168,10-Q,2026-03-11,2026-02-01,0001730168-26-000016,avgo-20260201.htm,True,https://www.sec.gov/Archives/edgar/data/1730168/000173016826000016/avgo-20260201.htm,raw/AVGO/AVGO_10Q_2026-02-01.htm
AVGO_10K_2025-11-02,Broadcom,AVGO,0001730168,10-K,2025-12-18,2025-11-02,0001730168-25-000121,avgo-20251102.htm,True,https://www.sec.gov/Archives/edgar/data/1730168/000173016825000121/avgo-20251102.htm,raw/AVGO/AVGO_10K_2025-11-02.htm
AVGO_10Q_2025-08-03,Broadcom,AVGO,0001730168,10-Q,2025-09-10,2025-08-03,0001730168-25-000098,avgo-20250803.htm,True,https://www.sec.gov/Archives/edgar/data/1730168/000173016825000098/avgo-20250803.htm,raw/AVGO/AVGO_10Q_2025-08-03.htm
AVGO_10Q_2025-05-04,Broadcom,AVGO,0001730168,10-Q,2025-06-11,2025-05-04,0001730168-25-000064,avgo-20250504.htm,True,https://www.sec.gov/Archives/edgar/data/1730168/000173016825000064/avgo-20250504.htm,raw/AVGO/AVGO_10Q_2025-05-04.htm
AVGO_10Q_2025-02-02,Broadcom,AVGO,0001730168,10-Q,2025-03-12,2025-02-02,0001730168-25-000021,avgo-20250202.htm,True,https://www.sec.gov/Archives/edgar/data/1730168/000173016825000021/avgo-20250202.htm,raw/AVGO/AVGO_10Q_2025-02-02.htm
AVGO_10K_2024-11-03,Broadcom,AVGO,0001730168,10-K,2024-12-20,2024-11-03,0001730168-24-000139,avgo-20241103.htm,True,https://www.sec.gov/Archives/edgar/data/1730168/000173016824000139/avgo-20241103.htm,raw/AVGO/AVGO_10K_2024-11-03.htm
CDNS_10Q_2026-06-30,Cadence Design Systems,CDNS,0000813672,10-Q,2026-07-29,2026-06-30,0000813672-26-000092,cdns-20260630.htm,True,https://www.sec.gov/Archives/edgar/data/813672/000081367226000092/cdns-20260630.htm,raw/CDNS/CDNS_10Q_2026-06-30.htm
CDNS_10Q_2026-03-31,Cadence Design Systems,CDNS,0000813672,10-Q,2026-05-01,2026-03-31,0000813672-26-000047,cdns-20260331.htm,True,https://www.sec.gov/Archives/edgar/data/813672/000081367226000047/cdns-20260331.htm,raw/CDNS/CDNS_10Q_2026-03-31.htm
CDNS_10K_2025-12-31,Cadence Design Systems,CDNS,0000813672,10-K,2026-02-19,2025-12-31,0000813672-26-000016,cdns-20251231.htm,True,https://www.sec.gov/Archives/edgar/data/813672/000081367226000016/cdns-20251231.htm,raw/CDNS/CDNS_10K_2025-12-31.htm
CDNS_10Q_2025-09-30,Cadence Design Systems,CDNS,0000813672,10-Q,2025-10-29,2025-09-30,0000813672-25-000148,cdns-20250930.htm,True,https://www.sec.gov/Archives/edgar/data/813672/000081367225000148/cdns-20250930.htm,raw/CDNS/CDNS_10Q_2025-09-30.htm
CDNS_10Q_2025-06-30,Cadence Design Systems,CDNS,0000813672,10-Q,2025-07-30,2025-06-30,0000813672-25-000113,cdns-20250630.htm,True,https://www.sec.gov/Archives/edgar/data/813672/000081367225000113/cdns-20250630.htm,raw/CDNS/CDNS_10Q_2025-06-30.htm
CDNS_10Q_2025-03-31,Cadence Design Systems,CDNS,0000813672,10-Q,2025-04-30,2025-03-31,0000813672-25-000051,cdns-20250331.htm,True,https://www.sec.gov/Archives/edgar/data/813672/000081367225000051/cdns-20250331.htm,raw/CDNS/CDNS_10Q_2025-03-31.htm
CDNS_10K_2024-12-31,Cadence Design Systems,CDNS,0000813672,10-K,2025-02-21,2024-12-31,0000813672-25-000024,cdns-20241231.htm,True,https://www.sec.gov/Archives/edgar/data/813672/000081367225000024/cdns-20241231.htm,raw/CDNS/CDNS_10K_2024-12-31.htm
CDNS_10Q_2024-09-30,Cadence Design Systems,CDNS,0000813672,10-Q,2024-10-30,2024-09-30,0000813672-24-000192,cdns-20240930.htm,True,https://www.sec.gov/Archives/edgar/data/813672/000081367224000192/cdns-20240930.htm,raw/CDNS/CDNS_10Q_2024-09-30.htm
CTAS_10K_2026-05-31,Cintas,CTAS,0000723254,10-K,2026-07-29,2026-05-31,0000723254-26-000028,ctas-20260531.htm,True,https://www.sec.gov/Archives/edgar/data/723254/000072325426000028/ctas-20260531.htm,raw/CTAS/CTAS_10K_2026-05-31.htm
CTAS_10Q_2026-02-28,Cintas,CTAS,0000723254,10-Q,2026-04-07,2026-02-28,0000723254-26-000012,ctas-20260228.htm,True,https://www.sec.gov/Archives/edgar/data/723254/000072325426000012/ctas-20260228.htm,raw/CTAS/CTAS_10Q_2026-02-28.htm
CTAS_10Q_2025-11-30,Cintas,CTAS,0000723254,10-Q,2026-01-07,2025-11-30,0000723254-26-000002,ctas-20251130.htm,True,https://www.sec.gov/Archives/edgar/data/723254/000072325426000002/ctas-20251130.htm,raw/CTAS/CTAS_10Q_2025-11-30.htm
CTAS_10Q_2025-08-31,Cintas,CTAS,0000723254,10-Q,2025-10-08,2025-08-31,0000723254-25-000033,ctas-20250831.htm,True,https://www.sec.gov/Archives/edgar/data/723254/000072325425000033/ctas-20250831.htm,raw/CTAS/CTAS_10Q_2025-08-31.htm
CTAS_10K_2025-05-31,Cintas,CTAS,0000723254,10-K,2025-07-28,2025-05-31,0000723254-25-000017,ctas-20250531.htm,True,https://www.sec.gov/Archives/edgar/data/723254/000072325425000017/ctas-20250531.htm,raw/CTAS/CTAS_10K_2025-05-31.htm
CTAS_10Q_2025-02-28,Cintas,CTAS,0000723254,10-Q,2025-04-03,2025-02-28,0001628280-25-016483,ctas-20250228.htm,True,https://www.sec.gov/Archives/edgar/data/723254/000162828025016483/ctas-20250228.htm,raw/CTAS/CTAS_10Q_2025-02-28.htm
CTAS_10Q_2024-11-30,Cintas,CTAS,0000723254,10-Q,2025-01-08,2024-11-30,0000723254-25-000003,ctas-20241130.htm,True,https://www.sec.gov/Archives/edgar/data/723254/000072325425000003/ctas-20241130.htm,raw/CTAS/CTAS_10Q_2024-11-30.htm
CTAS_10Q_2024-08-31,Cintas,CTAS,0000723254,10-Q,2024-10-04,2024-08-31,0000723254-24-000053,ctas-20240831.htm,True,https://www.sec.gov/Archives/edgar/data/723254/000072325424000053/ctas-20240831.htm,raw/CTAS/CTAS_10Q_2024-08-31.htm
CSCO_10K_2026-07-25,Cisco,CSCO,0000858877,10-K,2026-09-02,2026-07-25,0000858877-26-000132,csco-20260725.htm,True,https://www.sec.gov/Archives/edgar/data/858877/000085887726000132/csco-20260725.htm,raw/CSCO/CSCO_10K_2026-07-25.htm
CSCO_10Q_2026-04-25,Cisco,CSCO,0000858877,10-Q,2026-05-19,2026-04-25,0000858877-26-000078,csco-20260425.htm,True,https://www.sec.gov/Archives/edgar/data/858877/000085887726000078/csco-20260425.htm,raw/CSCO/CSCO_10Q_2026-04-25.htm
CSCO_10Q_2026-01-24,Cisco,CSCO,0000858877,10-Q,2026-02-17,2026-01-24,0000858877-26-000021,csco-20260124.htm,True,https://www.sec.gov/Archives/edgar/data/858877/000085887726000021/csco-20260124.htm,raw/CSCO/CSCO_10Q_2026-01-24.htm
CSCO_10Q_2025-10-25,Cisco,CSCO,0000858877,10-Q,2025-11-18,2025-10-25,0000858877-25-000171,csco-20251025.htm,True,https://www.sec.gov/Archives/edgar/data/858877/000085887725000171/csco-20251025.htm,raw/CSCO/CSCO_10Q_2025-10-25.htm
CSCO_10K_2025-07-26,Cisco,CSCO,0000858877,10-K,2025-09-03,2025-07-26,0000858877-25-000111,csco-20250726.htm,True,https://www.sec.gov/Archives/edgar/data/858877/000085887725000111/csco-20250726.htm,raw/CSCO/CSCO_10K_2025-07-26.htm
CSCO_10Q_2025-04-26,Cisco,CSCO,0000858877,10-Q,2025-05-20,2025-04-26,0000858877-25-000033,csco-20250426.htm,True,https://www.sec.gov/Archives/edgar/data/858877/000085887725000033/csco-20250426.htm,raw/CSCO/CSCO_10Q_2025-04-26.htm
CSCO_10Q_2025-01-25,Cisco,CSCO,0000858877,10-Q,2025-02-18,2025-01-25,0000858877-25-000007,csco-20250125.htm,True,https://www.sec.gov/Archives/edgar/data/858877/000085887725000007/csco-20250125.htm,raw/CSCO/CSCO_10Q_2025-01-25.htm
CSCO_10Q_2024-10-26,Cisco,CSCO,0000858877,10-Q,2024-11-19,2024-10-26,0000858877-24-000030,csco-20241026.htm,True,https://www.sec.gov/Archives/edgar/data/858877/000085887724000030/csco-20241026.htm,raw/CSCO/CSCO_10Q_2024-10-26.htm
CMCSA_10Q_2026-06-30,Comcast,CMCSA,0001166691,10-Q,2026-07-23,2026-06-30,0001628280-26-049360,cmcsa-20260630.htm,True,https://www.sec.gov/Archives/edgar/data/1166691/000162828026049360/cmcsa-20260630.htm,raw/CMCSA/CMCSA_10Q_2026-06-30.htm
CMCSA_10Q_2026-03-31,Comcast,CMCSA,0001166691,10-Q,2026-04-23,2026-03-31,0001628280-26-026805,cmcsa-20260331.htm,True,https://www.sec.gov/Archives/edgar/data/1166691/000162828026026805/cmcsa-20260331.htm,raw/CMCSA/CMCSA_10Q_2026-03-31.htm
CMCSA_10K_2025-12-31,Comcast,CMCSA,0001166691,10-K,2026-02-03,2025-12-31,0001628280-26-004994,cmcsa-20251231.htm,True,https://www.sec.gov/Archives/edgar/data/1166691/000162828026004994/cmcsa-20251231.htm,raw/CMCSA/CMCSA_10K_2025-12-31.htm
CMCSA_10Q_2025-09-30,Comcast,CMCSA,0001166691,10-Q,2025-10-30,2025-09-30,0001166691-25-000054,cmcsa-20250930.htm,True,https://www.sec.gov/Archives/edgar/data/1166691/000116669125000054/cmcsa-20250930.htm,raw/CMCSA/CMCSA_10Q_2025-09-30.htm
CMCSA_10Q_2025-06-30,Comcast,CMCSA,0001166691,10-Q,2025-07-31,2025-06-30,0001166691-25-000036,cmcsa-20250630.htm,True,https://www.sec.gov/Archives/edgar/data/1166691/000116669125000036/cmcsa-20250630.htm,raw/CMCSA/CMCSA_10Q_2025-06-30.htm
CMCSA_10Q_2025-03-31,Comcast,CMCSA,0001166691,10-Q,2025-04-24,2025-03-31,0001166691-25-000021,cmcsa-20250331.htm,True,https://www.sec.gov/Archives/edgar/data/1166691/000116669125000021/cmcsa-20250331.htm,raw/CMCSA/CMCSA_10Q_2025-03-31.htm
CMCSA_10K_2024-12-31,Comcast,CMCSA,0001166691,10-K,2025-01-31,2024-12-31,0001166691-25-000011,cmcsa-20241231.htm,True,https://www.sec.gov/Archives/edgar/data/1166691/000116669125000011/cmcsa-20241231.htm,raw/CMCSA/CMCSA_10K_2024-12-31.htm
CMCSA_10Q_2024-09-30,Comcast,CMCSA,0001166691,10-Q,2024-10-31,2024-09-30,0001166691-24-000056,cmcsa-20240930.htm,True,https://www.sec.gov/Archives/edgar/data/1166691/000116669124000056/cmcsa-20240930.htm,raw/CMCSA/CMCSA_10Q_2024-09-30.htm
CEG_10Q_2026-06-30,Constellation Energy,CEG,0001868275,10-Q,2026-08-06,2026-06-30,0001868275-26-000104,ceg-20260630.htm,True,https://www.sec.gov/Archives/edgar/data/1868275/000186827526000104/ceg-20260630.htm,raw/CEG/CEG_10Q_2026-06-30.htm
CEG_10Q_2026-03-31,Constellation Energy,CEG,0001868275,10-Q,2026-05-11,2026-03-31,0001868275-26-000067,ceg-20260331.htm,True,https://www.sec.gov/Archives/edgar/data/1868275/000186827526000067/ceg-20260331.htm,raw/CEG/CEG_10Q_2026-03-31.htm
CEG_10K_2025-12-31,Constellation Energy,CEG,0001868275,10-K,2026-02-24,2025-12-31,0001868275-26-000032,ceg-20251231.htm,True,https://www.sec.gov/Archives/edgar/data/1868275/000186827526000032/ceg-20251231.htm,raw/CEG/CEG_10K_2025-12-31.htm
CEG_10Q_2025-09-30,Constellation Energy,CEG,0001868275,10-Q,2025-11-07,2025-09-30,0001868275-25-000092,ceg-20250930.htm,True,https://www.sec.gov/Archives/edgar/data/1868275/000186827525000092/ceg-20250930.htm,raw/CEG/CEG_10Q_2025-09-30.htm
CEG_10Q_2025-06-30,Constellation Energy,CEG,0001868275,10-Q,2025-08-07,2025-06-30,0001868275-25-000073,ceg-20250630.htm,True,https://www.sec.gov/Archives/edgar/data/1868275/000186827525000073/ceg-20250630.htm,raw/CEG/CEG_10Q_2025-06-30.htm
CEG_10Q_2025-03-31,Constellation Energy,CEG,0001868275,10-Q,2025-05-06,2025-03-31,0001868275-25-000044,ceg-20250331.htm,True,https://www.sec.gov/Archives/edgar/data/1868275/000186827525000044/ceg-20250331.htm,raw/CEG/CEG_10Q_2025-03-31.htm
CEG_10K_2024-12-31,Constellation Energy,CEG,0001868275,10-K,2025-02-18,2024-12-31,0001868275-25-000023,ceg-20241231.htm,True,https://www.sec.gov/Archives/edgar/data/1868275/000186827525000023/ceg-20241231.htm,raw/CEG/CEG_10K_2024-12-31.htm
CEG_10Q_2024-09-30,Constellation Energy,CEG,0001868275,10-Q,2024-11-04,2024-09-30,0001868275-24-000069,ceg-20240930.htm,True,https://www.sec.gov/Archives/edgar/data/1868275/000186827524000069/ceg-20240930.htm,raw/CEG/CEG_10Q_2024-09-30.htm
CPRT_10Q_2026-04-30,Copart,CPRT,0000900075,10-Q,2026-05-29,2026-04-30,0001193125-26-245578,cprt-20260430.htm,True,https://www.sec.gov/Archives/edgar/data/900075/000119312526245578/cprt-20260430.htm,raw/CPRT/CPRT_10Q_2026-04-30.htm
CPRT_10Q_2026-01-31,Copart,CPRT,0000900075,10-Q,2026-03-03,2026-01-31,0001193125-26-088593,cprt-20260131.htm,True,https://www.sec.gov/Archives/edgar/data/900075/000119312526088593/cprt-20260131.htm,raw/CPRT/CPRT_10Q_2026-01-31.htm
CPRT_10Q_2025-10-31,Copart,CPRT,0000900075,10-Q,2025-11-24,2025-10-31,0001193125-25-291660,cprt-20251031.htm,True,https://www.sec.gov/Archives/edgar/data/900075/000119312525291660/cprt-20251031.htm,raw/CPRT/CPRT_10Q_2025-10-31.htm
CPRT_10K_2025-07-31,Copart,CPRT,0000900075,10-K,2025-09-26,2025-07-31,0001628280-25-042946,cprt-20250731.htm,True,https://www.sec.gov/Archives/edgar/data/900075/000162828025042946/cprt-20250731.htm,raw/CPRT/CPRT_10K_2025-07-31.htm
CPRT_10Q_2025-04-30,Copart,CPRT,0000900075,10-Q,2025-06-03,2025-04-30,0001628280-25-029093,cprt-20250430.htm,True,https://www.sec.gov/Archives/edgar/data/900075/000162828025029093/cprt-20250430.htm,raw/CPRT/CPRT_10Q_2025-04-30.htm
CPRT_10Q_2025-01-31,Copart,CPRT,0000900075,10-Q,2025-02-26,2025-01-31,0000900075-25-000007,cprt-20250131.htm,True,https://www.sec.gov/Archives/edgar/data/900075/000090007525000007/cprt-20250131.htm,raw/CPRT/CPRT_10Q_2025-01-31.htm
CPRT_10Q_2024-10-31,Copart,CPRT,0000900075,10-Q,2024-11-26,2024-10-31,0000900075-24-000030,cprt-20241031.htm,True,https://www.sec.gov/Archives/edgar/data/900075/000090007524000030/cprt-20241031.htm,raw/CPRT/CPRT_10Q_2024-10-31.htm
CPRT_10K_2024-07-31,Copart,CPRT,0000900075,10-K,2024-09-30,2024-07-31,0000900075-24-000024,cprt-20240731.htm,True,https://www.sec.gov/Archives/edgar/data/900075/000090007524000024/cprt-20240731.htm,raw/CPRT/CPRT_10K_2024-07-31.htm
CRWV_10Q_2026-06-30,CoreWeave,CRWV,0001769628,10-Q,2026-08-12,2026-06-30,0001769628-26-000366,crwv-20260630.htm,True,https://www.sec.gov/Archives/edgar/data/1769628/000176962826000366/crwv-20260630.htm,raw/CRWV/CRWV_10Q_2026-06-30.htm
CRWV_10Q_2026-03-31,CoreWeave,CRWV,0001769628,10-Q,2026-05-08,2026-03-31,0001769628-26-000222,crwv-20260331.htm,True,https://www.sec.gov/Archives/edgar/data/1769628/000176962826000222/crwv-20260331.htm,raw/CRWV/CRWV_10Q_2026-03-31.htm
CRWV_10K_2025-12-31,CoreWeave,CRWV,0001769628,10-K,2026-03-02,2025-12-31,0001769628-26-000104,crwv-20251231.htm,True,https://www.sec.gov/Archives/edgar/data/1769628/000176962826000104/crwv-20251231.htm,raw/CRWV/CRWV_10K_2025-12-31.htm
CRWV_10Q_2025-09-30,CoreWeave,CRWV,0001769628,10-Q,2025-11-13,2025-09-30,0001769628-25-000062,crwv-20250930.htm,True,https://www.sec.gov/Archives/edgar/data/1769628/000176962825000062/crwv-20250930.htm,raw/CRWV/CRWV_10Q_2025-09-30.htm
CRWV_10Q_2025-06-30,CoreWeave,CRWV,0001769628,10-Q,2025-08-13,2025-06-30,0001769628-25-000041,crwv-20250630.htm,True,https://www.sec.gov/Archives/edgar/data/1769628/000176962825000041/crwv-20250630.htm,raw/CRWV/CRWV_10Q_2025-06-30.htm
CRWV_10Q_2025-03-31,CoreWeave,CRWV,0001769628,10-Q,2025-05-15,2025-03-31,0001769628-25-000014,crwv-20250331.htm,True,https://www.sec.gov/Archives/edgar/data/1769628/000176962825000014/crwv-20250331.htm,raw/CRWV/CRWV_10Q_2025-03-31.htm
COST_10Q_2026-05-10,Costco,COST,0000909832,10-Q,2026-06-03,2026-05-10,0000909832-26-000051,cost-20260510.htm,True,https://www.sec.gov/Archives/edgar/data/909832/000090983226000051/cost-20260510.htm,raw/COST/COST_10Q_2026-05-10.htm
COST_10Q_2026-02-15,Costco,COST,0000909832,10-Q,2026-03-11,2026-02-15,0000909832-26-000029,cost-20260215.htm,True,https://www.sec.gov/Archives/edgar/data/909832/000090983226000029/cost-20260215.htm,raw/COST/COST_10Q_2026-02-15.htm
COST_10Q_2025-11-23,Costco,COST,0000909832,10-Q,2025-12-17,2025-11-23,0000909832-25-000169,cost-20251123.htm,True,https://www.sec.gov/Archives/edgar/data/909832/000090983225000169/cost-20251123.htm,raw/COST/COST_10Q_2025-11-23.htm
COST_10K_2025-08-31,Costco,COST,0000909832,10-K,2025-10-08,2025-08-31,0000909832-25-000101,cost-20250831.htm,True,https://www.sec.gov/Archives/edgar/data/909832/000090983225000101/cost-20250831.htm,raw/COST/COST_10K_2025-08-31.htm
COST_10Q_2025-05-11,Costco,COST,0000909832,10-Q,2025-06-05,2025-05-11,0000909832-25-000033,cost-20250511.htm,True,https://www.sec.gov/Archives/edgar/data/909832/000090983225000033/cost-20250511.htm,raw/COST/COST_10Q_2025-05-11.htm
COST_10Q_2025-02-16,Costco,COST,0000909832,10-Q,2025-03-13,2025-02-16,0000909832-25-000015,cost-20250216.htm,True,https://www.sec.gov/Archives/edgar/data/909832/000090983225000015/cost-20250216.htm,raw/COST/COST_10Q_2025-02-16.htm
COST_10Q_2024-11-24,Costco,COST,0000909832,10-Q,2024-12-19,2024-11-24,0000909832-24-000079,cost-20241124.htm,True,https://www.sec.gov/Archives/edgar/data/909832/000090983224000079/cost-20241124.htm,raw/COST/COST_10Q_2024-11-24.htm
COST_10K_2024-09-01,Costco,COST,0000909832,10-K,2024-10-09,2024-09-01,0000909832-24-000049,cost-20240901.htm,True,https://www.sec.gov/Archives/edgar/data/909832/000090983224000049/cost-20240901.htm,raw/COST/COST_10K_2024-09-01.htm
CRWD_10Q_2026-07-31,CrowdStrike,CRWD,0001535527,10-Q,2026-08-27,2026-07-31,0001535527-26-000031,crwd-20260731.htm,True,https://www.sec.gov/Archives/edgar/data/1535527/000153552726000031/crwd-20260731.htm,raw/CRWD/CRWD_10Q_2026-07-31.htm
CRWD_10Q_2026-04-30,CrowdStrike,CRWD,0001535527,10-Q,2026-06-04,2026-04-30,0001535527-26-000025,crwd-20260430.htm,True,https://www.sec.gov/Archives/edgar/data/1535527/000153552726000025/crwd-20260430.htm,raw/CRWD/CRWD_10Q_2026-04-30.htm
CRWD_10K_2026-01-31,CrowdStrike,CRWD,0001535527,10-K,2026-03-05,2026-01-31,0001535527-26-000010,crwd-20260131.htm,True,https://www.sec.gov/Archives/edgar/data/1535527/000153552726000010/crwd-20260131.htm,raw/CRWD/CRWD_10K_2026-01-31.htm
CRWD_10Q_2025-10-31,CrowdStrike,CRWD,0001535527,10-Q,2025-12-03,2025-10-31,0001535527-25-000033,crwd-20251031.htm,True,https://www.sec.gov/Archives/edgar/data/1535527/000153552725000033/crwd-20251031.htm,raw/CRWD/CRWD_10Q_2025-10-31.htm
CRWD_10Q_2025-07-31,CrowdStrike,CRWD,0001535527,10-Q,2025-08-28,2025-07-31,0001535527-25-000025,crwd-20250731.htm,True,https://www.sec.gov/Archives/edgar/data/1535527/000153552725000025/crwd-20250731.htm,raw/CRWD/CRWD_10Q_2025-07-31.htm
CRWD_10Q_2025-04-30,CrowdStrike,CRWD,0001535527,10-Q,2025-06-04,2025-04-30,0001535527-25-000019,crwd-20250430.htm,True,https://www.sec.gov/Archives/edgar/data/1535527/000153552725000019/crwd-20250430.htm,raw/CRWD/CRWD_10Q_2025-04-30.htm
CRWD_10K_2025-01-31,CrowdStrike,CRWD,0001535527,10-K,2025-03-10,2025-01-31,0001535527-25-000009,crwd-20250131.htm,True,https://www.sec.gov/Archives/edgar/data/1535527/000153552725000009/crwd-20250131.htm,raw/CRWD/CRWD_10K_2025-01-31.htm
CRWD_10Q_2024-10-31,CrowdStrike,CRWD,0001535527,10-Q,2024-11-27,2024-10-31,0001535527-24-000026,crwd-20241031.htm,True,https://www.sec.gov/Archives/edgar/data/1535527/000153552724000026/crwd-20241031.htm,raw/CRWD/CRWD_10Q_2024-10-31.htm
CSX_10Q_2026-06-30,CSX Corporation,CSX,0000277948,10-Q,2026-07-22,2026-06-30,0000277948-26-000032,csx-20260630.htm,True,https://www.sec.gov/Archives/edgar/data/277948/000027794826000032/csx-20260630.htm,raw/CSX/CSX_10Q_2026-06-30.htm
CSX_10Q_2026-03-31,CSX Corporation,CSX,0000277948,10-Q,2026-04-22,2026-03-31,0000277948-26-000014,csx-20260331.htm,True,https://www.sec.gov/Archives/edgar/data/277948/000027794826000014/csx-20260331.htm,raw/CSX/CSX_10Q_2026-03-31.htm
CSX_10K_2025-12-31,CSX Corporation,CSX,0000277948,10-K,2026-02-12,2025-12-31,0000277948-26-000006,csx-20251231.htm,True,https://www.sec.gov/Archives/edgar/data/277948/000027794826000006/csx-20251231.htm,raw/CSX/CSX_10K_2025-12-31.htm
CSX_10Q_2025-09-30,CSX Corporation,CSX,0000277948,10-Q,2025-10-16,2025-09-30,0000277948-25-000054,csx-20250930.htm,True,https://www.sec.gov/Archives/edgar/data/277948/000027794825000054/csx-20250930.htm,raw/CSX/CSX_10Q_2025-09-30.htm
CSX_10Q_2025-06-30,CSX Corporation,CSX,0000277948,10-Q,2025-07-23,2025-06-30,0000277948-25-000044,csx-20250630.htm,True,https://www.sec.gov/Archives/edgar/data/277948/000027794825000044/csx-20250630.htm,raw/CSX/CSX_10Q_2025-06-30.htm
CSX_10Q_2025-03-31,CSX Corporation,CSX,0000277948,10-Q,2025-04-16,2025-03-31,0000277948-25-000028,csx-20250331.htm,True,https://www.sec.gov/Archives/edgar/data/277948/000027794825000028/csx-20250331.htm,raw/CSX/CSX_10Q_2025-03-31.htm
CSX_10K_2024-12-31,CSX Corporation,CSX,0000277948,10-K,2025-02-27,2024-12-31,0000277948-25-000008,csx-20241231.htm,True,https://www.sec.gov/Archives/edgar/data/277948/000027794825000008/csx-20241231.htm,raw/CSX/CSX_10K_2024-12-31.htm
CSX_10Q_2024-09-30,CSX Corporation,CSX,0000277948,10-Q,2024-10-17,2024-09-30,0000277948-24-000054,csx-20240930.htm,True,https://www.sec.gov/Archives/edgar/data/277948/000027794824000054/csx-20240930.htm,raw/CSX/CSX_10Q_2024-09-30.htm
DDOG_10Q_2026-06-30,Datadog,DDOG,0001561550,10-Q,2026-08-06,2026-06-30,0001628280-26-054458,ddog-20260630.htm,True,https://www.sec.gov/Archives/edgar/data/1561550/000162828026054458/ddog-20260630.htm,raw/DDOG/DDOG_10Q_2026-06-30.htm
DDOG_10Q_2026-03-31,Datadog,DDOG,0001561550,10-Q,2026-05-07,2026-03-31,0001628280-26-032328,ddog-20260331.htm,True,https://www.sec.gov/Archives/edgar/data/1561550/000162828026032328/ddog-20260331.htm,raw/DDOG/DDOG_10Q_2026-03-31.htm
DDOG_10K_2025-12-31,Datadog,DDOG,0001561550,10-K,2026-02-18,2025-12-31,0001628280-26-008819,ddog-20251231.htm,True,https://www.sec.gov/Archives/edgar/data/1561550/000162828026008819/ddog-20251231.htm,raw/DDOG/DDOG_10K_2025-12-31.htm
DDOG_10Q_2025-09-30,Datadog,DDOG,0001561550,10-Q,2025-11-07,2025-09-30,0001561550-25-000313,ddog-20250930.htm,True,https://www.sec.gov/Archives/edgar/data/1561550/000156155025000313/ddog-20250930.htm,raw/DDOG/DDOG_10Q_2025-09-30.htm
DDOG_10Q_2025-06-30,Datadog,DDOG,0001561550,10-Q,2025-08-08,2025-06-30,0001561550-25-000220,ddog-20250630.htm,True,https://www.sec.gov/Archives/edgar/data/1561550/000156155025000220/ddog-20250630.htm,raw/DDOG/DDOG_10Q_2025-06-30.htm
DDOG_10Q_2025-03-31,Datadog,DDOG,0001561550,10-Q,2025-05-07,2025-03-31,0001561550-25-000123,ddog-20250331.htm,True,https://www.sec.gov/Archives/edgar/data/1561550/000156155025000123/ddog-20250331.htm,raw/DDOG/DDOG_10Q_2025-03-31.htm
DDOG_10K_2024-12-31,Datadog,DDOG,0001561550,10-K,2025-02-20,2024-12-31,0001561550-25-000025,ddog-20241231.htm,True,https://www.sec.gov/Archives/edgar/data/1561550/000156155025000025/ddog-20241231.htm,raw/DDOG/DDOG_10K_2024-12-31.htm
DDOG_10Q_2024-09-30,Datadog,DDOG,0001561550,10-Q,2024-11-08,2024-09-30,0001561550-24-000175,ddog-20240930.htm,True,https://www.sec.gov/Archives/edgar/data/1561550/000156155024000175/ddog-20240930.htm,raw/DDOG/DDOG_10Q_2024-09-30.htm
DXCM_10Q_2026-06-30,DexCom,DXCM,0001093557,10-Q,2026-07-30,2026-06-30,0001093557-26-000143,dxcm-20260630.htm,True,https://www.sec.gov/Archives/edgar/data/1093557/000109355726000143/dxcm-20260630.htm,raw/DXCM/DXCM_10Q_2026-06-30.htm
DXCM_10Q_2026-03-31,DexCom,DXCM,0001093557,10-Q,2026-04-30,2026-03-31,0001093557-26-000073,dxcm-20260331.htm,True,https://www.sec.gov/Archives/edgar/data/1093557/000109355726000073/dxcm-20260331.htm,raw/DXCM/DXCM_10Q_2026-03-31.htm
DXCM_10K_2025-12-31,DexCom,DXCM,0001093557,10-K,2026-02-12,2025-12-31,0001093557-26-000027,dxcm-20251231.htm,True,https://www.sec.gov/Archives/edgar/data/1093557/000109355726000027/dxcm-20251231.htm,raw/DXCM/DXCM_10K_2025-12-31.htm
DXCM_10Q_2025-09-30,DexCom,DXCM,0001093557,10-Q,2025-10-30,2025-09-30,0001093557-25-000280,dxcm-20250930.htm,True,https://www.sec.gov/Archives/edgar/data/1093557/000109355725000280/dxcm-20250930.htm,raw/DXCM/DXCM_10Q_2025-09-30.htm
DXCM_10Q_2025-06-30,DexCom,DXCM,0001093557,10-Q,2025-07-30,2025-06-30,0001093557-25-000243,dxcm-20250630.htm,True,https://www.sec.gov/Archives/edgar/data/1093557/000109355725000243/dxcm-20250630.htm,raw/DXCM/DXCM_10Q_2025-06-30.htm
DXCM_10Q_2025-03-31,DexCom,DXCM,0001093557,10-Q,2025-05-01,2025-03-31,0001093557-25-000113,dxcm-20250331.htm,True,https://www.sec.gov/Archives/edgar/data/1093557/000109355725000113/dxcm-20250331.htm,raw/DXCM/DXCM_10Q_2025-03-31.htm
DXCM_10K_2024-12-31,DexCom,DXCM,0001093557,10-K,2025-02-18,2024-12-31,0001093557-25-000036,dxcm-20241231.htm,True,https://www.sec.gov/Archives/edgar/data/1093557/000109355725000036/dxcm-20241231.htm,raw/DXCM/DXCM_10K_2024-12-31.htm
DXCM_10Q_2024-09-30,DexCom,DXCM,0001093557,10-Q,2024-10-24,2024-09-30,0001093557-24-000180,dxcm-20240930.htm,True,https://www.sec.gov/Archives/edgar/data/1093557/000109355724000180/dxcm-20240930.htm,raw/DXCM/DXCM_10Q_2024-09-30.htm
FANG_10Q_2026-06-30,Diamondback Energy,FANG,0001539838,10-Q,2026-08-05,2026-06-30,0001539838-26-000142,fang-20260630.htm,True,https://www.sec.gov/Archives/edgar/data/1539838/000153983826000142/fang-20260630.htm,raw/FANG/FANG_10Q_2026-06-30.htm
FANG_10Q_2026-03-31,Diamondback Energy,FANG,0001539838,10-Q,2026-05-06,2026-03-31,0001539838-26-000077,fang-20260331.htm,True,https://www.sec.gov/Archives/edgar/data/1539838/000153983826000077/fang-20260331.htm,raw/FANG/FANG_10Q_2026-03-31.htm
FANG_10K_2025-12-31,Diamondback Energy,FANG,0001539838,10-K,2026-02-25,2025-12-31,0001539838-26-000010,fang-20251231.htm,True,https://www.sec.gov/Archives/edgar/data/1539838/000153983826000010/fang-20251231.htm,raw/FANG/FANG_10K_2025-12-31.htm
FANG_10Q_2025-09-30,Diamondback Energy,FANG,0001539838,10-Q,2025-11-05,2025-09-30,0001539838-25-000147,fang-20250930.htm,True,https://www.sec.gov/Archives/edgar/data/1539838/000153983825000147/fang-20250930.htm,raw/FANG/FANG_10Q_2025-09-30.htm
FANG_10Q_2025-06-30,Diamondback Energy,FANG,0001539838,10-Q,2025-08-06,2025-06-30,0001539838-25-000127,fang-20250630.htm,True,https://www.sec.gov/Archives/edgar/data/1539838/000153983825000127/fang-20250630.htm,raw/FANG/FANG_10Q_2025-06-30.htm
FANG_10Q_2025-03-31,Diamondback Energy,FANG,0001539838,10-Q,2025-05-07,2025-03-31,0001539838-25-000066,fang-20250331.htm,True,https://www.sec.gov/Archives/edgar/data/1539838/000153983825000066/fang-20250331.htm,raw/FANG/FANG_10Q_2025-03-31.htm
FANG_10K_2024-12-31,Diamondback Energy,FANG,0001539838,10-K,2025-02-26,2024-12-31,0001539838-25-000021,fang-20241231.htm,True,https://www.sec.gov/Archives/edgar/data/1539838/000153983825000021/fang-20241231.htm,raw/FANG/FANG_10K_2024-12-31.htm
FANG_10Q_2024-09-30,Diamondback Energy,FANG,0001539838,10-Q,2024-11-07,2024-09-30,0001539838-24-000198,fang-20240930.htm,True,https://www.sec.gov/Archives/edgar/data/1539838/000153983824000198/fang-20240930.htm,raw/FANG/FANG_10Q_2024-09-30.htm
DASH_10Q_2026-06-30,DoorDash,DASH,0001792789,10-Q,2026-08-05,2026-06-30,0001792789-26-000050,dash-20260630.htm,True,https://www.sec.gov/Archives/edgar/data/1792789/000179278926000050/dash-20260630.htm,raw/DASH/DASH_10Q_2026-06-30.htm
DASH_10Q_2026-03-31,DoorDash,DASH,0001792789,10-Q,2026-05-06,2026-03-31,0001792789-26-000037,dash-20260331.htm,True,https://www.sec.gov/Archives/edgar/data/1792789/000179278926000037/dash-20260331.htm,raw/DASH/DASH_10Q_2026-03-31.htm
DASH_10K_2025-12-31,DoorDash,DASH,0001792789,10-K,2026-02-18,2025-12-31,0001792789-26-000013,dash-20251231.htm,True,https://www.sec.gov/Archives/edgar/data/1792789/000179278926000013/dash-20251231.htm,raw/DASH/DASH_10K_2025-12-31.htm
DASH_10Q_2025-09-30,DoorDash,DASH,0001792789,10-Q,2025-11-06,2025-09-30,0001792789-25-000020,dash-20250930.htm,True,https://www.sec.gov/Archives/edgar/data/1792789/000179278925000020/dash-20250930.htm,raw/DASH/DASH_10Q_2025-09-30.htm
DASH_10Q_2025-06-30,DoorDash,DASH,0001792789,10-Q,2025-08-06,2025-06-30,0001792789-25-000012,dash-20250630.htm,True,https://www.sec.gov/Archives/edgar/data/1792789/000179278925000012/dash-20250630.htm,raw/DASH/DASH_10Q_2025-06-30.htm
DASH_10Q_2025-03-31,DoorDash,DASH,0001792789,10-Q,2025-05-07,2025-03-31,0001628280-25-023171,dash-20250331.htm,True,https://www.sec.gov/Archives/edgar/data/1792789/000162828025023171/dash-20250331.htm,raw/DASH/DASH_10Q_2025-03-31.htm
DASH_10K_2024-12-31,DoorDash,DASH,0001792789,10-K,2025-02-14,2024-12-31,0001628280-25-005715,dash-20241231.htm,True,https://www.sec.gov/Archives/edgar/data/1792789/000162828025005715/dash-20241231.htm,raw/DASH/DASH_10K_2024-12-31.htm
DASH_10Q_2024-09-30,DoorDash,DASH,0001792789,10-Q,2024-10-30,2024-09-30,0001628280-24-044312,dash-20240930.htm,True,https://www.sec.gov/Archives/edgar/data/1792789/000162828024044312/dash-20240930.htm,raw/DASH/DASH_10Q_2024-09-30.htm
EXC_10Q_2026-06-30,Exelon,EXC,0001109357,10-Q,2026-07-30,2026-06-30,0001109357-26-000080,exc-20260630.htm,True,https://www.sec.gov/Archives/edgar/data/1109357/000110935726000080/exc-20260630.htm,raw/EXC/EXC_10Q_2026-06-30.htm
EXC_10Q_2026-03-31,Exelon,EXC,0001109357,10-Q,2026-05-06,2026-03-31,0001109357-26-000063,exc-20260331.htm,True,https://www.sec.gov/Archives/edgar/data/1109357/000110935726000063/exc-20260331.htm,raw/EXC/EXC_10Q_2026-03-31.htm
EXC_10K_2025-12-31,Exelon,EXC,0001109357,10-K,2026-02-12,2025-12-31,0001109357-26-000018,exc-20251231.htm,True,https://www.sec.gov/Archives/edgar/data/1109357/000110935726000018/exc-20251231.htm,raw/EXC/EXC_10K_2025-12-31.htm
EXC_10Q_2025-09-30,Exelon,EXC,0001109357,10-Q,2025-11-04,2025-09-30,0001109357-25-000182,exc-20250930.htm,True,https://www.sec.gov/Archives/edgar/data/1109357/000110935725000182/exc-20250930.htm,raw/EXC/EXC_10Q_2025-09-30.htm
EXC_10Q_2025-06-30,Exelon,EXC,0001109357,10-Q,2025-07-31,2025-06-30,0001109357-25-000170,exc-20250630.htm,True,https://www.sec.gov/Archives/edgar/data/1109357/000110935725000170/exc-20250630.htm,raw/EXC/EXC_10Q_2025-06-30.htm
EXC_10Q_2025-03-31,Exelon,EXC,0001109357,10-Q,2025-05-01,2025-03-31,0001109357-25-000113,exc-20250331.htm,True,https://www.sec.gov/Archives/edgar/data/1109357/000110935725000113/exc-20250331.htm,raw/EXC/EXC_10Q_2025-03-31.htm
EXC_10K_2024-12-31,Exelon,EXC,0001109357,10-K,2025-02-12,2024-12-31,0001109357-25-000043,exc-20241231.htm,True,https://www.sec.gov/Archives/edgar/data/1109357/000110935725000043/exc-20241231.htm,raw/EXC/EXC_10K_2024-12-31.htm
EXC_10Q_2024-09-30,Exelon,EXC,0001109357,10-Q,2024-10-30,2024-09-30,0001109357-24-000187,exc-20240930.htm,True,https://www.sec.gov/Archives/edgar/data/1109357/000110935724000187/exc-20240930.htm,raw/EXC/EXC_10Q_2024-09-30.htm
FAST_10Q_2026-06-30,Fastenal,FAST,0000815556,10-Q,2026-07-16,2026-06-30,0000815556-26-000041,fast-20260630.htm,True,https://www.sec.gov/Archives/edgar/data/815556/000081555626000041/fast-20260630.htm,raw/FAST/FAST_10Q_2026-06-30.htm
FAST_10Q_2026-03-31,Fastenal,FAST,0000815556,10-Q,2026-04-16,2026-03-31,0000815556-26-000022,fast-20260331.htm,True,https://www.sec.gov/Archives/edgar/data/815556/000081555626000022/fast-20260331.htm,raw/FAST/FAST_10Q_2026-03-31.htm
FAST_10K_2025-12-31,Fastenal,FAST,0000815556,10-K,2026-02-05,2025-12-31,0000815556-26-000009,fast-20251231.htm,True,https://www.sec.gov/Archives/edgar/data/815556/000081555626000009/fast-20251231.htm,raw/FAST/FAST_10K_2025-12-31.htm
FAST_10Q_2025-09-30,Fastenal,FAST,0000815556,10-Q,2025-10-16,2025-09-30,0000815556-25-000119,fast-20250930.htm,True,https://www.sec.gov/Archives/edgar/data/815556/000081555625000119/fast-20250930.htm,raw/FAST/FAST_10Q_2025-09-30.htm
FAST_10Q_2025-06-30,Fastenal,FAST,0000815556,10-Q,2025-07-17,2025-06-30,0000815556-25-000106,fast-20250630.htm,True,https://www.sec.gov/Archives/edgar/data/815556/000081555625000106/fast-20250630.htm,raw/FAST/FAST_10Q_2025-06-30.htm
FAST_10Q_2025-03-31,Fastenal,FAST,0000815556,10-Q,2025-04-16,2025-03-31,0000815556-25-000083,fast-20250331.htm,True,https://www.sec.gov/Archives/edgar/data/815556/000081555625000083/fast-20250331.htm,raw/FAST/FAST_10Q_2025-03-31.htm
FAST_10K_2024-12-31,Fastenal,FAST,0000815556,10-K,2025-02-06,2024-12-31,0000815556-25-000065,fast-20241231.htm,True,https://www.sec.gov/Archives/edgar/data/815556/000081555625000065/fast-20241231.htm,raw/FAST/FAST_10K_2024-12-31.htm
FAST_10Q_2024-09-30,Fastenal,FAST,0000815556,10-Q,2024-10-16,2024-09-30,0000815556-24-000037,fast-20240930.htm,True,https://www.sec.gov/Archives/edgar/data/815556/000081555624000037/fast-20240930.htm,raw/FAST/FAST_10Q_2024-09-30.htm
FTNT_10Q_2026-06-30,Fortinet,FTNT,0001262039,10-Q,2026-07-30,2026-06-30,0001262039-26-000021,ftnt-20260630.htm,True,https://www.sec.gov/Archives/edgar/data/1262039/000126203926000021/ftnt-20260630.htm,raw/FTNT/FTNT_10Q_2026-06-30.htm
FTNT_10Q_2026-03-31,Fortinet,FTNT,0001262039,10-Q,2026-05-08,2026-03-31,0001262039-26-000013,ftnt-20260331.htm,True,https://www.sec.gov/Archives/edgar/data/1262039/000126203926000013/ftnt-20260331.htm,raw/FTNT/FTNT_10Q_2026-03-31.htm
FTNT_10K_2025-12-31,Fortinet,FTNT,0001262039,10-K,2026-02-25,2025-12-31,0001262039-26-000007,ftnt-20251231.htm,True,https://www.sec.gov/Archives/edgar/data/1262039/000126203926000007/ftnt-20251231.htm,raw/FTNT/FTNT_10K_2025-12-31.htm
FTNT_10Q_2025-09-30,Fortinet,FTNT,0001262039,10-Q,2025-11-07,2025-09-30,0001262039-25-000039,ftnt-20250930.htm,True,https://www.sec.gov/Archives/edgar/data/1262039/000126203925000039/ftnt-20250930.htm,raw/FTNT/FTNT_10Q_2025-09-30.htm
FTNT_10Q_2025-06-30,Fortinet,FTNT,0001262039,10-Q,2025-08-08,2025-06-30,0001262039-25-000028,ftnt-20250630.htm,True,https://www.sec.gov/Archives/edgar/data/1262039/000126203925000028/ftnt-20250630.htm,raw/FTNT/FTNT_10Q_2025-06-30.htm
FTNT_10Q_2025-03-31,Fortinet,FTNT,0001262039,10-Q,2025-05-08,2025-03-31,0001262039-25-000017,ftnt-20250331.htm,True,https://www.sec.gov/Archives/edgar/data/1262039/000126203925000017/ftnt-20250331.htm,raw/FTNT/FTNT_10Q_2025-03-31.htm
FTNT_10K_2024-12-31,Fortinet,FTNT,0001262039,10-K,2025-02-21,2024-12-31,0001262039-25-000011,ftnt-20241231.htm,True,https://www.sec.gov/Archives/edgar/data/1262039/000126203925000011/ftnt-20241231.htm,raw/FTNT/FTNT_10K_2024-12-31.htm
FTNT_10Q_2024-09-30,Fortinet,FTNT,0001262039,10-Q,2024-11-08,2024-09-30,0001262039-24-000043,ftnt-20240930.htm,True,https://www.sec.gov/Archives/edgar/data/1262039/000126203924000043/ftnt-20240930.htm,raw/FTNT/FTNT_10Q_2024-09-30.htm
GEHC_10Q_2026-06-30,GE HealthCare,GEHC,0001932393,10-Q,2026-07-29,2026-06-30,0001932393-26-000046,gehc-20260630.htm,True,https://www.sec.gov/Archives/edgar/data/1932393/000193239326000046/gehc-20260630.htm,raw/GEHC/GEHC_10Q_2026-06-30.htm
GEHC_10Q_2026-03-31,GE HealthCare,GEHC,0001932393,10-Q,2026-04-29,2026-03-31,0001932393-26-000031,gehc-20260331.htm,True,https://www.sec.gov/Archives/edgar/data/1932393/000193239326000031/gehc-20260331.htm,raw/GEHC/GEHC_10Q_2026-03-31.htm
GEHC_10K_2025-12-31,GE HealthCare,GEHC,0001932393,10-K,2026-02-04,2025-12-31,0001932393-26-000007,gehc-20251231.htm,True,https://www.sec.gov/Archives/edgar/data/1932393/000193239326000007/gehc-20251231.htm,raw/GEHC/GEHC_10K_2025-12-31.htm
GEHC_10Q_2025-09-30,GE HealthCare,GEHC,0001932393,10-Q,2025-10-29,2025-09-30,0001932393-25-000053,gehc-20250930.htm,True,https://www.sec.gov/Archives/edgar/data/1932393/000193239325000053/gehc-20250930.htm,raw/GEHC/GEHC_10Q_2025-09-30.htm
GEHC_10Q_2025-06-30,GE HealthCare,GEHC,0001932393,10-Q,2025-07-30,2025-06-30,0001932393-25-000049,gehc-20250630.htm,True,https://www.sec.gov/Archives/edgar/data/1932393/000193239325000049/gehc-20250630.htm,raw/GEHC/GEHC_10Q_2025-06-30.htm
GEHC_10Q_2025-03-31,GE HealthCare,GEHC,0001932393,10-Q,2025-04-30,2025-03-31,0001932393-25-000014,gehc-20250331.htm,True,https://www.sec.gov/Archives/edgar/data/1932393/000193239325000014/gehc-20250331.htm,raw/GEHC/GEHC_10Q_2025-03-31.htm
GEHC_10K_2024-12-31,GE HealthCare,GEHC,0001932393,10-K,2025-02-13,2024-12-31,0001932393-25-000005,gehc-20241231.htm,True,https://www.sec.gov/Archives/edgar/data/1932393/000193239325000005/gehc-20241231.htm,raw/GEHC/GEHC_10K_2024-12-31.htm
GEHC_10Q_2024-09-30,GE HealthCare,GEHC,0001932393,10-Q,2024-10-30,2024-09-30,0001932393-24-000050,gehc-20240930.htm,True,https://www.sec.gov/Archives/edgar/data/1932393/000193239324000050/gehc-20240930.htm,raw/GEHC/GEHC_10Q_2024-09-30.htm
GILD_10Q_2026-06-30,Gilead Sciences,GILD,0000882095,10-Q,2026-08-06,2026-06-30,0000882095-26-000031,gild-20260630.htm,True,https://www.sec.gov/Archives/edgar/data/882095/000088209526000031/gild-20260630.htm,raw/GILD/GILD_10Q_2026-06-30.htm
GILD_10Q_2026-03-31,Gilead Sciences,GILD,0000882095,10-Q,2026-05-07,2026-03-31,0000882095-26-000024,gild-20260331.htm,True,https://www.sec.gov/Archives/edgar/data/882095/000088209526000024/gild-20260331.htm,raw/GILD/GILD_10Q_2026-03-31.htm
GILD_10K_2025-12-31,Gilead Sciences,GILD,0000882095,10-K,2026-02-24,2025-12-31,0000882095-26-000006,gild-20251231.htm,True,https://www.sec.gov/Archives/edgar/data/882095/000088209526000006/gild-20251231.htm,raw/GILD/GILD_10K_2025-12-31.htm
GILD_10Q_2025-09-30,Gilead Sciences,GILD,0000882095,10-Q,2025-11-07,2025-09-30,0000882095-25-000047,gild-20250930.htm,True,https://www.sec.gov/Archives/edgar/data/882095/000088209525000047/gild-20250930.htm,raw/GILD/GILD_10Q_2025-09-30.htm
GILD_10Q_2025-06-30,Gilead Sciences,GILD,0000882095,10-Q,2025-08-07,2025-06-30,0000882095-25-000032,gild-20250630.htm,True,https://www.sec.gov/Archives/edgar/data/882095/000088209525000032/gild-20250630.htm,raw/GILD/GILD_10Q_2025-06-30.htm
GILD_10Q_2025-03-31,Gilead Sciences,GILD,0000882095,10-Q,2025-05-07,2025-03-31,0000882095-25-000012,gild-20250331.htm,True,https://www.sec.gov/Archives/edgar/data/882095/000088209525000012/gild-20250331.htm,raw/GILD/GILD_10Q_2025-03-31.htm
GILD_10K_2024-12-31,Gilead Sciences,GILD,0000882095,10-K,2025-02-28,2024-12-31,0000882095-25-000006,gild-20241231.htm,True,https://www.sec.gov/Archives/edgar/data/882095/000088209525000006/gild-20241231.htm,raw/GILD/GILD_10K_2024-12-31.htm
GILD_10Q_2024-09-30,Gilead Sciences,GILD,0000882095,10-Q,2024-11-12,2024-09-30,0000882095-24-000028,gild-20240930.htm,True,https://www.sec.gov/Archives/edgar/data/882095/000088209524000028/gild-20240930.htm,raw/GILD/GILD_10Q_2024-09-30.htm
HONA_10Q_2026-06-27,Honeywell Aerospace,HONA,0002089271,10-Q,2026-08-05,2026-06-27,0002089271-26-000021,hona-20260627.htm,True,https://www.sec.gov/Archives/edgar/data/2089271/000208927126000021/hona-20260627.htm,raw/HONA/HONA_10Q_2026-06-27.htm
HON_10Q_2026-06-30,Honeywell Technologies,HON,0000773840,10-Q,2026-07-23,2026-06-30,0000773840-26-000124,hon-20260630.htm,True,https://www.sec.gov/Archives/edgar/data/773840/000077384026000124/hon-20260630.htm,raw/HON/HON_10Q_2026-06-30.htm
HON_10Q_2026-03-31,Honeywell Technologies,HON,0000773840,10-Q,2026-04-23,2026-03-31,0000773840-26-000057,hon-20260331.htm,True,https://www.sec.gov/Archives/edgar/data/773840/000077384026000057/hon-20260331.htm,raw/HON/HON_10Q_2026-03-31.htm
HON_10K_2025-12-31,Honeywell Technologies,HON,0000773840,10-K,2026-02-17,2025-12-31,0000773840-26-000013,hon-20251231.htm,True,https://www.sec.gov/Archives/edgar/data/773840/000077384026000013/hon-20251231.htm,raw/HON/HON_10K_2025-12-31.htm
HON_10Q_2025-09-30,Honeywell Technologies,HON,0000773840,10-Q,2025-10-23,2025-09-30,0000773840-25-000105,hon-20250930.htm,True,https://www.sec.gov/Archives/edgar/data/773840/000077384025000105/hon-20250930.htm,raw/HON/HON_10Q_2025-09-30.htm
HON_10Q_2025-06-30,Honeywell Technologies,HON,0000773840,10-Q,2025-07-24,2025-06-30,0000773840-25-000064,hon-20250630.htm,True,https://www.sec.gov/Archives/edgar/data/773840/000077384025000064/hon-20250630.htm,raw/HON/HON_10Q_2025-06-30.htm
HON_10Q_2025-03-31,Honeywell Technologies,HON,0000773840,10-Q,2025-04-29,2025-03-31,0000773840-25-000037,hon-20250331.htm,True,https://www.sec.gov/Archives/edgar/data/773840/000077384025000037/hon-20250331.htm,raw/HON/HON_10Q_2025-03-31.htm
HON_10K_2024-12-31,Honeywell Technologies,HON,0000773840,10-K,2025-02-14,2024-12-31,0000773840-25-000010,hon-20241231.htm,True,https://www.sec.gov/Archives/edgar/data/773840/000077384025000010/hon-20241231.htm,raw/HON/HON_10K_2024-12-31.htm
HON_10Q_2024-09-30,Honeywell Technologies,HON,0000773840,10-Q,2024-10-24,2024-09-30,0000773840-24-000099,hon-20240930.htm,True,https://www.sec.gov/Archives/edgar/data/773840/000077384024000099/hon-20240930.htm,raw/HON/HON_10Q_2024-09-30.htm
IDXX_10Q_2026-06-30,Idexx Laboratories,IDXX,0000874716,10-Q,2026-08-04,2026-06-30,0000874716-26-000123,idxx-20260630.htm,True,https://www.sec.gov/Archives/edgar/data/874716/000087471626000123/idxx-20260630.htm,raw/IDXX/IDXX_10Q_2026-06-30.htm
IDXX_10Q_2026-03-31,Idexx Laboratories,IDXX,0000874716,10-Q,2026-05-05,2026-03-31,0000874716-26-000076,idxx-20260331.htm,True,https://www.sec.gov/Archives/edgar/data/874716/000087471626000076/idxx-20260331.htm,raw/IDXX/IDXX_10Q_2026-03-31.htm
IDXX_10K_2025-12-31,Idexx Laboratories,IDXX,0000874716,10-K,2026-02-20,2025-12-31,0000874716-26-000038,idxx-20251231.htm,True,https://www.sec.gov/Archives/edgar/data/874716/000087471626000038/idxx-20251231.htm,raw/IDXX/IDXX_10K_2025-12-31.htm
IDXX_10Q_2025-09-30,Idexx Laboratories,IDXX,0000874716,10-Q,2025-11-03,2025-09-30,0000874716-25-000165,idxx-20250930.htm,True,https://www.sec.gov/Archives/edgar/data/874716/000087471625000165/idxx-20250930.htm,raw/IDXX/IDXX_10Q_2025-09-30.htm
IDXX_10Q_2025-06-30,Idexx Laboratories,IDXX,0000874716,10-Q,2025-08-04,2025-06-30,0000874716-25-000121,idxx-20250630.htm,True,https://www.sec.gov/Archives/edgar/data/874716/000087471625000121/idxx-20250630.htm,raw/IDXX/IDXX_10Q_2025-06-30.htm
IDXX_10Q_2025-03-31,Idexx Laboratories,IDXX,0000874716,10-Q,2025-05-01,2025-03-31,0000874716-25-000062,idxx-20250331.htm,True,https://www.sec.gov/Archives/edgar/data/874716/000087471625000062/idxx-20250331.htm,raw/IDXX/IDXX_10Q_2025-03-31.htm
IDXX_10K_2024-12-31,Idexx Laboratories,IDXX,0000874716,10-K,2025-02-21,2024-12-31,0000874716-25-000037,idxx-20241231.htm,True,https://www.sec.gov/Archives/edgar/data/874716/000087471625000037/idxx-20241231.htm,raw/IDXX/IDXX_10K_2024-12-31.htm
IDXX_10Q_2024-09-30,Idexx Laboratories,IDXX,0000874716,10-Q,2024-10-31,2024-09-30,0000874716-24-000139,idxx-20240930.htm,True,https://www.sec.gov/Archives/edgar/data/874716/000087471624000139/idxx-20240930.htm,raw/IDXX/IDXX_10Q_2024-09-30.htm
INTC_10Q_2026-06-27,Intel,INTC,0000050863,10-Q,2026-07-24,2026-06-27,0000050863-26-000157,intc-20260627.htm,True,https://www.sec.gov/Archives/edgar/data/50863/000005086326000157/intc-20260627.htm,raw/INTC/INTC_10Q_2026-06-27.htm
INTC_10Q_2026-03-28,Intel,INTC,0000050863,10-Q,2026-04-24,2026-03-28,0000050863-26-000079,intc-20260328.htm,True,https://www.sec.gov/Archives/edgar/data/50863/000005086326000079/intc-20260328.htm,raw/INTC/INTC_10Q_2026-03-28.htm
INTC_10K_2025-12-27,Intel,INTC,0000050863,10-K,2026-01-23,2025-12-27,0000050863-26-000011,intc-20251227.htm,True,https://www.sec.gov/Archives/edgar/data/50863/000005086326000011/intc-20251227.htm,raw/INTC/INTC_10K_2025-12-27.htm
INTC_10Q_2025-09-27,Intel,INTC,0000050863,10-Q,2025-11-06,2025-09-27,0000050863-25-000179,intc-20250927.htm,True,https://www.sec.gov/Archives/edgar/data/50863/000005086325000179/intc-20250927.htm,raw/INTC/INTC_10Q_2025-09-27.htm
INTC_10Q_2025-06-28,Intel,INTC,0000050863,10-Q,2025-07-24,2025-06-28,0000050863-25-000109,intc-20250628.htm,True,https://www.sec.gov/Archives/edgar/data/50863/000005086325000109/intc-20250628.htm,raw/INTC/INTC_10Q_2025-06-28.htm
INTC_10Q_2025-03-29,Intel,INTC,0000050863,10-Q,2025-04-25,2025-03-29,0000050863-25-000074,intc-20250329.htm,True,https://www.sec.gov/Archives/edgar/data/50863/000005086325000074/intc-20250329.htm,raw/INTC/INTC_10Q_2025-03-29.htm
INTC_10K_2024-12-28,Intel,INTC,0000050863,10-K,2025-01-31,2024-12-28,0000050863-25-000009,intc-20241228.htm,True,https://www.sec.gov/Archives/edgar/data/50863/000005086325000009/intc-20241228.htm,raw/INTC/INTC_10K_2024-12-28.htm
INTC_10Q_2024-09-28,Intel,INTC,0000050863,10-Q,2024-11-01,2024-09-28,0000050863-24-000149,intc-20240928.htm,True,https://www.sec.gov/Archives/edgar/data/50863/000005086324000149/intc-20240928.htm,raw/INTC/INTC_10Q_2024-09-28.htm
INTU_10K_2026-07-31,Intuit,INTU,0000896878,10-K,2026-09-09,2026-07-31,0000896878-26-000037,intu-20260731.htm,True,https://www.sec.gov/Archives/edgar/data/896878/000089687826000037/intu-20260731.htm,raw/INTU/INTU_10K_2026-07-31.htm
INTU_10Q_2026-04-30,Intuit,INTU,0000896878,10-Q,2026-05-20,2026-04-30,0000896878-26-000025,intu-20260430.htm,True,https://www.sec.gov/Archives/edgar/data/896878/000089687826000025/intu-20260430.htm,raw/INTU/INTU_10Q_2026-04-30.htm
INTU_10Q_2026-01-31,Intuit,INTU,0000896878,10-Q,2026-02-26,2026-01-31,0000896878-26-000014,intu-20260131.htm,True,https://www.sec.gov/Archives/edgar/data/896878/000089687826000014/intu-20260131.htm,raw/INTU/INTU_10Q_2026-01-31.htm
INTU_10Q_2025-10-31,Intuit,INTU,0000896878,10-Q,2025-11-20,2025-10-31,0000896878-25-000048,intu-20251031.htm,True,https://www.sec.gov/Archives/edgar/data/896878/000089687825000048/intu-20251031.htm,raw/INTU/INTU_10Q_2025-10-31.htm
INTU_10K_2025-07-31,Intuit,INTU,0000896878,10-K,2025-09-03,2025-07-31,0000896878-25-000035,intu-20250731.htm,True,https://www.sec.gov/Archives/edgar/data/896878/000089687825000035/intu-20250731.htm,raw/INTU/INTU_10K_2025-07-31.htm
INTU_10Q_2025-04-30,Intuit,INTU,0000896878,10-Q,2025-05-22,2025-04-30,0000896878-25-000022,intu-20250430.htm,True,https://www.sec.gov/Archives/edgar/data/896878/000089687825000022/intu-20250430.htm,raw/INTU/INTU_10Q_2025-04-30.htm
INTU_10Q_2025-01-31,Intuit,INTU,0000896878,10-Q,2025-02-25,2025-01-31,0000896878-25-000015,intu-20250131.htm,True,https://www.sec.gov/Archives/edgar/data/896878/000089687825000015/intu-20250131.htm,raw/INTU/INTU_10Q_2025-01-31.htm
INTU_10Q_2024-10-31,Intuit,INTU,0000896878,10-Q,2024-11-21,2024-10-31,0000896878-24-000053,intu-20241031.htm,True,https://www.sec.gov/Archives/edgar/data/896878/000089687824000053/intu-20241031.htm,raw/INTU/INTU_10Q_2024-10-31.htm
ISRG_10Q_2026-06-30,Intuitive Surgical,ISRG,0001035267,10-Q,2026-07-21,2026-06-30,0001035267-26-000058,isrg-20260630.htm,True,https://www.sec.gov/Archives/edgar/data/1035267/000103526726000058/isrg-20260630.htm,raw/ISRG/ISRG_10Q_2026-06-30.htm
ISRG_10Q_2026-03-31,Intuitive Surgical,ISRG,0001035267,10-Q,2026-04-22,2026-03-31,0001035267-26-000032,isrg-20260331.htm,True,https://www.sec.gov/Archives/edgar/data/1035267/000103526726000032/isrg-20260331.htm,raw/ISRG/ISRG_10Q_2026-03-31.htm
ISRG_10K_2025-12-31,Intuitive Surgical,ISRG,0001035267,10-K,2026-02-03,2025-12-31,0001035267-26-000010,isrg-20251231.htm,True,https://www.sec.gov/Archives/edgar/data/1035267/000103526726000010/isrg-20251231.htm,raw/ISRG/ISRG_10K_2025-12-31.htm
ISRG_10Q_2025-09-30,Intuitive Surgical,ISRG,0001035267,10-Q,2025-10-22,2025-09-30,0001035267-25-000209,isrg-20250930.htm,True,https://www.sec.gov/Archives/edgar/data/1035267/000103526725000209/isrg-20250930.htm,raw/ISRG/ISRG_10Q_2025-09-30.htm
ISRG_10Q_2025-06-30,Intuitive Surgical,ISRG,0001035267,10-Q,2025-07-23,2025-06-30,0001035267-25-000192,isrg-20250630.htm,True,https://www.sec.gov/Archives/edgar/data/1035267/000103526725000192/isrg-20250630.htm,raw/ISRG/ISRG_10Q_2025-06-30.htm
ISRG_10Q_2025-03-31,Intuitive Surgical,ISRG,0001035267,10-Q,2025-04-23,2025-03-31,0001035267-25-000109,isrg-20250331.htm,True,https://www.sec.gov/Archives/edgar/data/1035267/000103526725000109/isrg-20250331.htm,raw/ISRG/ISRG_10Q_2025-03-31.htm
ISRG_10K_2024-12-31,Intuitive Surgical,ISRG,0001035267,10-K,2025-01-31,2024-12-31,0001035267-25-000017,isrg-20241231.htm,True,https://www.sec.gov/Archives/edgar/data/1035267/000103526725000017/isrg-20241231.htm,raw/ISRG/ISRG_10K_2024-12-31.htm
ISRG_10Q_2024-09-30,Intuitive Surgical,ISRG,0001035267,10-Q,2024-10-18,2024-09-30,0001035267-24-000247,isrg-20240930.htm,True,https://www.sec.gov/Archives/edgar/data/1035267/000103526724000247/isrg-20240930.htm,raw/ISRG/ISRG_10Q_2024-09-30.htm
KDP_10Q_2026-06-30,Keurig Dr Pepper,KDP,0001418135,10-Q,2026-08-10,2026-06-30,0001418135-26-000051,kdp-20260630.htm,True,https://www.sec.gov/Archives/edgar/data/1418135/000141813526000051/kdp-20260630.htm,raw/KDP/KDP_10Q_2026-06-30.htm
KDP_10Q_2026-03-31,Keurig Dr Pepper,KDP,0001418135,10-Q,2026-04-23,2026-03-31,0001418135-26-000026,kdp-20260331.htm,True,https://www.sec.gov/Archives/edgar/data/1418135/000141813526000026/kdp-20260331.htm,raw/KDP/KDP_10Q_2026-03-31.htm
KDP_10K_2025-12-31,Keurig Dr Pepper,KDP,0001418135,10-K,2026-02-24,2025-12-31,0001418135-26-000016,kdp-20251231.htm,True,https://www.sec.gov/Archives/edgar/data/1418135/000141813526000016/kdp-20251231.htm,raw/KDP/KDP_10K_2025-12-31.htm
KDP_10Q_2025-09-30,Keurig Dr Pepper,KDP,0001418135,10-Q,2025-10-28,2025-09-30,0001418135-25-000125,kdp-20250930.htm,True,https://www.sec.gov/Archives/edgar/data/1418135/000141813525000125/kdp-20250930.htm,raw/KDP/KDP_10Q_2025-09-30.htm
KDP_10Q_2025-06-30,Keurig Dr Pepper,KDP,0001418135,10-Q,2025-07-24,2025-06-30,0001418135-25-000103,kdp-20250630.htm,True,https://www.sec.gov/Archives/edgar/data/1418135/000141813525000103/kdp-20250630.htm,raw/KDP/KDP_10Q_2025-06-30.htm
KDP_10Q_2025-03-31,Keurig Dr Pepper,KDP,0001418135,10-Q,2025-04-24,2025-03-31,0001418135-25-000061,kdp-20250331.htm,True,https://www.sec.gov/Archives/edgar/data/1418135/000141813525000061/kdp-20250331.htm,raw/KDP/KDP_10Q_2025-03-31.htm
KDP_10K_2024-12-31,Keurig Dr Pepper,KDP,0001418135,10-K,2025-02-25,2024-12-31,0001418135-25-000013,kdp-20241231.htm,True,https://www.sec.gov/Archives/edgar/data/1418135/000141813525000013/kdp-20241231.htm,raw/KDP/KDP_10K_2024-12-31.htm
KDP_10Q_2024-09-30,Keurig Dr Pepper,KDP,0001418135,10-Q,2024-10-24,2024-09-30,0001418135-24-000090,kdp-20240930.htm,True,https://www.sec.gov/Archives/edgar/data/1418135/000141813524000090/kdp-20240930.htm,raw/KDP/KDP_10Q_2024-09-30.htm
KLAC_10K_2026-06-30,KLA Corporation,KLAC,0000319201,10-K,2026-08-06,2026-06-30,0000319201-26-000027,klac-20260630.htm,True,https://www.sec.gov/Archives/edgar/data/319201/000031920126000027/klac-20260630.htm,raw/KLAC/KLAC_10K_2026-06-30.htm
KLAC_10Q_2026-03-31,KLA Corporation,KLAC,0000319201,10-Q,2026-04-30,2026-03-31,0000319201-26-000016,klac-20260331.htm,True,https://www.sec.gov/Archives/edgar/data/319201/000031920126000016/klac-20260331.htm,raw/KLAC/KLAC_10Q_2026-03-31.htm
KLAC_10Q_2025-12-31,KLA Corporation,KLAC,0000319201,10-Q,2026-01-30,2025-12-31,0000319201-26-000008,klac-20251231.htm,True,https://www.sec.gov/Archives/edgar/data/319201/000031920126000008/klac-20251231.htm,raw/KLAC/KLAC_10Q_2025-12-31.htm
KLAC_10Q_2025-09-30,KLA Corporation,KLAC,0000319201,10-Q,2025-10-31,2025-09-30,0000319201-25-000034,klac-20250930.htm,True,https://www.sec.gov/Archives/edgar/data/319201/000031920125000034/klac-20250930.htm,raw/KLAC/KLAC_10Q_2025-09-30.htm
KLAC_10K_2025-06-30,KLA Corporation,KLAC,0000319201,10-K,2025-08-08,2025-06-30,0000319201-25-000024,klac-20250630.htm,True,https://www.sec.gov/Archives/edgar/data/319201/000031920125000024/klac-20250630.htm,raw/KLAC/KLAC_10K_2025-06-30.htm
KLAC_10Q_2025-03-31,KLA Corporation,KLAC,0000319201,10-Q,2025-05-01,2025-03-31,0000319201-25-000012,klac-20250331.htm,True,https://www.sec.gov/Archives/edgar/data/319201/000031920125000012/klac-20250331.htm,raw/KLAC/KLAC_10Q_2025-03-31.htm
KLAC_10Q_2024-12-31,KLA Corporation,KLAC,0000319201,10-Q,2025-01-31,2024-12-31,0000319201-25-000006,klac-20241231.htm,True,https://www.sec.gov/Archives/edgar/data/319201/000031920125000006/klac-20241231.htm,raw/KLAC/KLAC_10Q_2024-12-31.htm
KLAC_10Q_2024-09-30,KLA Corporation,KLAC,0000319201,10-Q,2024-10-31,2024-09-30,0000319201-24-000027,klac-20240930.htm,True,https://www.sec.gov/Archives/edgar/data/319201/000031920124000027/klac-20240930.htm,raw/KLAC/KLAC_10Q_2024-09-30.htm
LRCX_10K_2026-06-28,Lam Research,LRCX,0000707549,10-K,2026-08-07,2026-06-28,0000707549-26-000037,lrcx-20260628.htm,True,https://www.sec.gov/Archives/edgar/data/707549/000070754926000037/lrcx-20260628.htm,raw/LRCX/LRCX_10K_2026-06-28.htm
LRCX_10Q_2026-03-29,Lam Research,LRCX,0000707549,10-Q,2026-04-23,2026-03-29,0000707549-26-000022,lrcx-20260329.htm,True,https://www.sec.gov/Archives/edgar/data/707549/000070754926000022/lrcx-20260329.htm,raw/LRCX/LRCX_10Q_2026-03-29.htm
LRCX_10Q_2025-12-28,Lam Research,LRCX,0000707549,10-Q,2026-01-29,2025-12-28,0000707549-26-000009,lrcx-20251228.htm,True,https://www.sec.gov/Archives/edgar/data/707549/000070754926000009/lrcx-20251228.htm,raw/LRCX/LRCX_10Q_2025-12-28.htm
LRCX_10Q_2025-09-28,Lam Research,LRCX,0000707549,10-Q,2025-10-24,2025-09-28,0000707549-25-000085,lrcx-20250928.htm,True,https://www.sec.gov/Archives/edgar/data/707549/000070754925000085/lrcx-20250928.htm,raw/LRCX/LRCX_10Q_2025-09-28.htm
LRCX_10K_2025-06-29,Lam Research,LRCX,0000707549,10-K,2025-08-11,2025-06-29,0000707549-25-000075,lrcx-20250629.htm,True,https://www.sec.gov/Archives/edgar/data/707549/000070754925000075/lrcx-20250629.htm,raw/LRCX/LRCX_10K_2025-06-29.htm
LRCX_10Q_2025-03-30,Lam Research,LRCX,0000707549,10-Q,2025-04-25,2025-03-30,0000707549-25-000054,lrcx-20250330.htm,True,https://www.sec.gov/Archives/edgar/data/707549/000070754925000054/lrcx-20250330.htm,raw/LRCX/LRCX_10Q_2025-03-30.htm
LRCX_10Q_2024-12-29,Lam Research,LRCX,0000707549,10-Q,2025-01-31,2024-12-29,0000707549-25-000014,lrcx-20241229.htm,True,https://www.sec.gov/Archives/edgar/data/707549/000070754925000014/lrcx-20241229.htm,raw/LRCX/LRCX_10Q_2024-12-29.htm
LRCX_10Q_2024-09-29,Lam Research,LRCX,0000707549,10-Q,2024-10-28,2024-09-29,0000707549-24-000128,lrcx-20240929.htm,True,https://www.sec.gov/Archives/edgar/data/707549/000070754924000128/lrcx-20240929.htm,raw/LRCX/LRCX_10Q_2024-09-29.htm
LIN_10Q_2026-06-30,Linde plc,LIN,0001707925,10-Q,2026-07-31,2026-06-30,0001628280-26-051289,lin-20260630.htm,True,https://www.sec.gov/Archives/edgar/data/1707925/000162828026051289/lin-20260630.htm,raw/LIN/LIN_10Q_2026-06-30.htm
LIN_10Q_2026-03-31,Linde plc,LIN,0001707925,10-Q,2026-05-01,2026-03-31,0001628280-26-029165,lin-20260331.htm,True,https://www.sec.gov/Archives/edgar/data/1707925/000162828026029165/lin-20260331.htm,raw/LIN/LIN_10Q_2026-03-31.htm
LIN_10K_2025-12-31,Linde plc,LIN,0001707925,10-K,2026-02-25,2025-12-31,0001628280-26-011430,lin-20251231.htm,True,https://www.sec.gov/Archives/edgar/data/1707925/000162828026011430/lin-20251231.htm,raw/LIN/LIN_10K_2025-12-31.htm
LIN_10Q_2025-09-30,Linde plc,LIN,0001707925,10-Q,2025-10-31,2025-09-30,0001628280-25-047710,lin-20250930.htm,True,https://www.sec.gov/Archives/edgar/data/1707925/000162828025047710/lin-20250930.htm,raw/LIN/LIN_10Q_2025-09-30.htm
LIN_10Q_2025-06-30,Linde plc,LIN,0001707925,10-Q,2025-08-01,2025-06-30,0001628280-25-037164,lin-20250630.htm,True,https://www.sec.gov/Archives/edgar/data/1707925/000162828025037164/lin-20250630.htm,raw/LIN/LIN_10Q_2025-06-30.htm
LIN_10Q_2025-03-31,Linde plc,LIN,0001707925,10-Q,2025-05-01,2025-03-31,0001628280-25-021379,lin-20250331.htm,True,https://www.sec.gov/Archives/edgar/data/1707925/000162828025021379/lin-20250331.htm,raw/LIN/LIN_10Q_2025-03-31.htm
LIN_10K_2024-12-31,Linde plc,LIN,0001707925,10-K,2025-02-26,2024-12-31,0001628280-25-007990,lin-20241231.htm,True,https://www.sec.gov/Archives/edgar/data/1707925/000162828025007990/lin-20241231.htm,raw/LIN/LIN_10K_2024-12-31.htm
LIN_10Q_2024-09-30,Linde plc,LIN,0001707925,10-Q,2024-10-31,2024-09-30,0001628280-24-044457,lin-20240930.htm,True,https://www.sec.gov/Archives/edgar/data/1707925/000162828024044457/lin-20240930.htm,raw/LIN/LIN_10Q_2024-09-30.htm
LITE_10K_2026-06-27,Lumentum,LITE,0001633978,10-K,2026-08-17,2026-06-27,0001628280-26-057358,lite-20260627.htm,True,https://www.sec.gov/Archives/edgar/data/1633978/000162828026057358/lite-20260627.htm,raw/LITE/LITE_10K_2026-06-27.htm
LITE_10Q_2026-03-28,Lumentum,LITE,0001633978,10-Q,2026-05-06,2026-03-28,0001628280-26-030777,lite-20260328.htm,True,https://www.sec.gov/Archives/edgar/data/1633978/000162828026030777/lite-20260328.htm,raw/LITE/LITE_10Q_2026-03-28.htm
LITE_10Q_2025-12-27,Lumentum,LITE,0001633978,10-Q,2026-02-04,2025-12-27,0001628280-26-005129,lite-20251227.htm,True,https://www.sec.gov/Archives/edgar/data/1633978/000162828026005129/lite-20251227.htm,raw/LITE/LITE_10Q_2025-12-27.htm
LITE_10Q_2025-09-27,Lumentum,LITE,0001633978,10-Q,2025-11-05,2025-09-27,0001628280-25-049073,lite-20250927.htm,True,https://www.sec.gov/Archives/edgar/data/1633978/000162828025049073/lite-20250927.htm,raw/LITE/LITE_10Q_2025-09-27.htm
LITE_10K_2025-06-28,Lumentum,LITE,0001633978,10-K,2025-08-19,2025-06-28,0001628280-25-040830,lite-20250628.htm,True,https://www.sec.gov/Archives/edgar/data/1633978/000162828025040830/lite-20250628.htm,raw/LITE/LITE_10K_2025-06-28.htm
LITE_10Q_2025-03-29,Lumentum,LITE,0001633978,10-Q,2025-05-07,2025-03-29,0001628280-25-022788,lite-20250329.htm,True,https://www.sec.gov/Archives/edgar/data/1633978/000162828025022788/lite-20250329.htm,raw/LITE/LITE_10Q_2025-03-29.htm
LITE_10Q_2024-12-28,Lumentum,LITE,0001633978,10-Q,2025-02-06,2024-12-28,0001628280-25-004288,lite-20241228.htm,True,https://www.sec.gov/Archives/edgar/data/1633978/000162828025004288/lite-20241228.htm,raw/LITE/LITE_10Q_2024-12-28.htm
LITE_10Q_2024-09-28,Lumentum,LITE,0001633978,10-Q,2024-11-08,2024-09-28,0001628280-24-046443,lite-20240928.htm,True,https://www.sec.gov/Archives/edgar/data/1633978/000162828024046443/lite-20240928.htm,raw/LITE/LITE_10Q_2024-09-28.htm
MAR_10Q_2026-06-30,Marriott International,MAR,0001048286,10-Q,2026-08-03,2026-06-30,0001048286-26-000035,mar-20260630.htm,True,https://www.sec.gov/Archives/edgar/data/1048286/000104828626000035/mar-20260630.htm,raw/MAR/MAR_10Q_2026-06-30.htm
MAR_10Q_2026-03-31,Marriott International,MAR,0001048286,10-Q,2026-05-06,2026-03-31,0001048286-26-000014,mar-20260331.htm,True,https://www.sec.gov/Archives/edgar/data/1048286/000104828626000014/mar-20260331.htm,raw/MAR/MAR_10Q_2026-03-31.htm
MAR_10K_2025-12-31,Marriott International,MAR,0001048286,10-K,2026-02-10,2025-12-31,0001048286-26-000007,mar-20251231.htm,True,https://www.sec.gov/Archives/edgar/data/1048286/000104828626000007/mar-20251231.htm,raw/MAR/MAR_10K_2025-12-31.htm
MAR_10Q_2025-09-30,Marriott International,MAR,0001048286,10-Q,2025-11-04,2025-09-30,0001048286-25-000013,mar-20250930.htm,True,https://www.sec.gov/Archives/edgar/data/1048286/000104828625000013/mar-20250930.htm,raw/MAR/MAR_10Q_2025-09-30.htm
MAR_10Q_2025-06-30,Marriott International,MAR,0001048286,10-Q,2025-08-05,2025-06-30,0001048286-25-000006,mar-20250630.htm,True,https://www.sec.gov/Archives/edgar/data/1048286/000104828625000006/mar-20250630.htm,raw/MAR/MAR_10Q_2025-06-30.htm
MAR_10Q_2025-03-31,Marriott International,MAR,0001048286,10-Q,2025-05-06,2025-03-31,0001628280-25-022485,mar-20250331.htm,True,https://www.sec.gov/Archives/edgar/data/1048286/000162828025022485/mar-20250331.htm,raw/MAR/MAR_10Q_2025-03-31.htm
MAR_10K_2024-12-31,Marriott International,MAR,0001048286,10-K,2025-02-11,2024-12-31,0001628280-25-004818,mar-20241231.htm,True,https://www.sec.gov/Archives/edgar/data/1048286/000162828025004818/mar-20241231.htm,raw/MAR/MAR_10K_2024-12-31.htm
MAR_10Q_2024-09-30,Marriott International,MAR,0001048286,10-Q,2024-11-04,2024-09-30,0001628280-24-044884,mar-20240930.htm,True,https://www.sec.gov/Archives/edgar/data/1048286/000162828024044884/mar-20240930.htm,raw/MAR/MAR_10Q_2024-09-30.htm
MRVL_10Q_2026-08-01,Marvell Technology,MRVL,0001835632,10-Q,2026-08-28,2026-08-01,0001835632-26-000025,mrvl-20260801.htm,True,https://www.sec.gov/Archives/edgar/data/1835632/000183563226000025/mrvl-20260801.htm,raw/MRVL/MRVL_10Q_2026-08-01.htm
MRVL_10Q_2026-05-02,Marvell Technology,MRVL,0001835632,10-Q,2026-05-28,2026-05-02,0001835632-26-000019,mrvl-20260502.htm,True,https://www.sec.gov/Archives/edgar/data/1835632/000183563226000019/mrvl-20260502.htm,raw/MRVL/MRVL_10Q_2026-05-02.htm
MRVL_10K_2026-01-31,Marvell Technology,MRVL,0001835632,10-K,2026-03-11,2026-01-31,0001835632-26-000011,mrvl-20260131.htm,True,https://www.sec.gov/Archives/edgar/data/1835632/000183563226000011/mrvl-20260131.htm,raw/MRVL/MRVL_10K_2026-01-31.htm
MRVL_10Q_2025-11-01,Marvell Technology,MRVL,0001835632,10-Q,2025-12-03,2025-11-01,0001835632-25-000197,mrvl-20251101.htm,True,https://www.sec.gov/Archives/edgar/data/1835632/000183563225000197/mrvl-20251101.htm,raw/MRVL/MRVL_10Q_2025-11-01.htm
MRVL_10Q_2025-08-02,Marvell Technology,MRVL,0001835632,10-Q,2025-08-29,2025-08-02,0001835632-25-000189,mrvl-20250802.htm,True,https://www.sec.gov/Archives/edgar/data/1835632/000183563225000189/mrvl-20250802.htm,raw/MRVL/MRVL_10Q_2025-08-02.htm
MRVL_10Q_2025-05-03,Marvell Technology,MRVL,0001835632,10-Q,2025-05-30,2025-05-03,0001835632-25-000117,mrvl-20250503.htm,True,https://www.sec.gov/Archives/edgar/data/1835632/000183563225000117/mrvl-20250503.htm,raw/MRVL/MRVL_10Q_2025-05-03.htm
MRVL_10K_2025-02-01,Marvell Technology,MRVL,0001835632,10-K,2025-03-12,2025-02-01,0001835632-25-000057,mrvl-20250201.htm,True,https://www.sec.gov/Archives/edgar/data/1835632/000183563225000057/mrvl-20250201.htm,raw/MRVL/MRVL_10K_2025-02-01.htm
MRVL_10Q_2024-11-02,Marvell Technology,MRVL,0001835632,10-Q,2024-12-04,2024-11-02,0001835632-24-000200,mrvl-20241102.htm,True,https://www.sec.gov/Archives/edgar/data/1835632/000183563224000200/mrvl-20241102.htm,raw/MRVL/MRVL_10Q_2024-11-02.htm
MELI_10Q_2026-06-30,Mercado Libre,MELI,0001099590,10-Q,2026-08-06,2026-06-30,0001099590-26-000023,meli-20260630.htm,True,https://www.sec.gov/Archives/edgar/data/1099590/000109959026000023/meli-20260630.htm,raw/MELI/MELI_10Q_2026-06-30.htm
MELI_10Q_2026-03-31,Mercado Libre,MELI,0001099590,10-Q,2026-05-08,2026-03-31,0001099590-26-000017,meli-20260331.htm,True,https://www.sec.gov/Archives/edgar/data/1099590/000109959026000017/meli-20260331.htm,raw/MELI/MELI_10Q_2026-03-31.htm
MELI_10K_2025-12-31,Mercado Libre,MELI,0001099590,10-K,2026-02-25,2025-12-31,0001099590-26-000006,meli-20251231.htm,True,https://www.sec.gov/Archives/edgar/data/1099590/000109959026000006/meli-20251231.htm,raw/MELI/MELI_10K_2025-12-31.htm
MELI_10Q_2025-09-30,Mercado Libre,MELI,0001099590,10-Q,2025-10-30,2025-09-30,0001099590-25-000051,meli-20250930.htm,True,https://www.sec.gov/Archives/edgar/data/1099590/000109959025000051/meli-20250930.htm,raw/MELI/MELI_10Q_2025-09-30.htm
MELI_10Q_2025-06-30,Mercado Libre,MELI,0001099590,10-Q,2025-08-05,2025-06-30,0001099590-25-000044,meli-20250630.htm,True,https://www.sec.gov/Archives/edgar/data/1099590/000109959025000044/meli-20250630.htm,raw/MELI/MELI_10Q_2025-06-30.htm
MELI_10Q_2025-03-31,Mercado Libre,MELI,0001099590,10-Q,2025-05-08,2025-03-31,0001099590-25-000028,meli-20250331.htm,True,https://www.sec.gov/Archives/edgar/data/1099590/000109959025000028/meli-20250331.htm,raw/MELI/MELI_10Q_2025-03-31.htm
MELI_10K_2024-12-31,Mercado Libre,MELI,0001099590,10-K,2025-02-21,2024-12-31,0001099590-25-000007,meli-20241231.htm,True,https://www.sec.gov/Archives/edgar/data/1099590/000109959025000007/meli-20241231.htm,raw/MELI/MELI_10K_2024-12-31.htm
MELI_10Q_2024-09-30,Mercado Libre,MELI,0001099590,10-Q,2024-11-07,2024-09-30,0001099590-24-000042,meli-20240930.htm,True,https://www.sec.gov/Archives/edgar/data/1099590/000109959024000042/meli-20240930.htm,raw/MELI/MELI_10Q_2024-09-30.htm
META_10Q_2026-06-30,Meta Platforms,META,0001326801,10-Q,2026-07-30,2026-06-30,0001628280-26-050705,meta-20260630.htm,True,https://www.sec.gov/Archives/edgar/data/1326801/000162828026050705/meta-20260630.htm,raw/META/META_10Q_2026-06-30.htm
META_10Q_2026-03-31,Meta Platforms,META,0001326801,10-Q,2026-04-30,2026-03-31,0001628280-26-028526,meta-20260331.htm,True,https://www.sec.gov/Archives/edgar/data/1326801/000162828026028526/meta-20260331.htm,raw/META/META_10Q_2026-03-31.htm
META_10K_2025-12-31,Meta Platforms,META,0001326801,10-K,2026-01-29,2025-12-31,0001628280-26-003942,meta-20251231.htm,True,https://www.sec.gov/Archives/edgar/data/1326801/000162828026003942/meta-20251231.htm,raw/META/META_10K_2025-12-31.htm
META_10Q_2025-09-30,Meta Platforms,META,0001326801,10-Q,2025-10-30,2025-09-30,0001628280-25-047240,meta-20250930.htm,True,https://www.sec.gov/Archives/edgar/data/1326801/000162828025047240/meta-20250930.htm,raw/META/META_10Q_2025-09-30.htm
META_10Q_2025-06-30,Meta Platforms,META,0001326801,10-Q,2025-07-31,2025-06-30,0001628280-25-036791,meta-20250630.htm,True,https://www.sec.gov/Archives/edgar/data/1326801/000162828025036791/meta-20250630.htm,raw/META/META_10Q_2025-06-30.htm
META_10Q_2025-03-31,Meta Platforms,META,0001326801,10-Q,2025-05-01,2025-03-31,0001326801-25-000054,meta-20250331.htm,True,https://www.sec.gov/Archives/edgar/data/1326801/000132680125000054/meta-20250331.htm,raw/META/META_10Q_2025-03-31.htm
META_10K_2024-12-31,Meta Platforms,META,0001326801,10-K,2025-01-30,2024-12-31,0001326801-25-000017,meta-20241231.htm,True,https://www.sec.gov/Archives/edgar/data/1326801/000132680125000017/meta-20241231.htm,raw/META/META_10K_2024-12-31.htm
META_10Q_2024-09-30,Meta Platforms,META,0001326801,10-Q,2024-10-31,2024-09-30,0001326801-24-000081,meta-20240930.htm,True,https://www.sec.gov/Archives/edgar/data/1326801/000132680124000081/meta-20240930.htm,raw/META/META_10Q_2024-09-30.htm
MCHP_10Q_2026-06-30,Microchip Technology,MCHP,0000827054,10-Q,2026-08-06,2026-06-30,0000827054-26-000038,mchp-20260630.htm,True,https://www.sec.gov/Archives/edgar/data/827054/000082705426000038/mchp-20260630.htm,raw/MCHP/MCHP_10Q_2026-06-30.htm
MCHP_10K_2026-03-31,Microchip Technology,MCHP,0000827054,10-K,2026-05-21,2026-03-31,0000827054-26-000016,mchp-20260331.htm,True,https://www.sec.gov/Archives/edgar/data/827054/000082705426000016/mchp-20260331.htm,raw/MCHP/MCHP_10K_2026-03-31.htm
MCHP_10Q_2025-12-31,Microchip Technology,MCHP,0000827054,10-Q,2026-02-05,2025-12-31,0000827054-26-000009,mchp-20251231.htm,True,https://www.sec.gov/Archives/edgar/data/827054/000082705426000009/mchp-20251231.htm,raw/MCHP/MCHP_10Q_2025-12-31.htm
MCHP_10Q_2025-09-30,Microchip Technology,MCHP,0000827054,10-Q,2025-11-06,2025-09-30,0000827054-25-000183,mchp-20250930.htm,True,https://www.sec.gov/Archives/edgar/data/827054/000082705425000183/mchp-20250930.htm,raw/MCHP/MCHP_10Q_2025-09-30.htm
MCHP_10Q_2025-06-30,Microchip Technology,MCHP,0000827054,10-Q,2025-08-07,2025-06-30,0000827054-25-000133,mchp-20250630.htm,True,https://www.sec.gov/Archives/edgar/data/827054/000082705425000133/mchp-20250630.htm,raw/MCHP/MCHP_10Q_2025-06-30.htm
MCHP_10K_2025-03-31,Microchip Technology,MCHP,0000827054,10-K,2025-05-23,2025-03-31,0000827054-25-000077,mchp-20250331.htm,True,https://www.sec.gov/Archives/edgar/data/827054/000082705425000077/mchp-20250331.htm,raw/MCHP/MCHP_10K_2025-03-31.htm
MCHP_10Q_2024-12-31,Microchip Technology,MCHP,0000827054,10-Q,2025-02-06,2024-12-31,0000827054-25-000019,mchp-20241231.htm,True,https://www.sec.gov/Archives/edgar/data/827054/000082705425000019/mchp-20241231.htm,raw/MCHP/MCHP_10Q_2024-12-31.htm
MCHP_10Q_2024-09-30,Microchip Technology,MCHP,0000827054,10-Q,2024-11-05,2024-09-30,0000827054-24-000206,mchp-20240930.htm,True,https://www.sec.gov/Archives/edgar/data/827054/000082705424000206/mchp-20240930.htm,raw/MCHP/MCHP_10Q_2024-09-30.htm
MU_10Q_2026-05-28,Micron Technology,MU,0000723125,10-Q,2026-06-25,2026-05-28,0000723125-26-000015,mu-20260528.htm,True,https://www.sec.gov/Archives/edgar/data/723125/000072312526000015/mu-20260528.htm,raw/MU/MU_10Q_2026-05-28.htm
MU_10Q_2026-02-26,Micron Technology,MU,0000723125,10-Q,2026-03-19,2026-02-26,0000723125-26-000006,mu-20260226.htm,True,https://www.sec.gov/Archives/edgar/data/723125/000072312526000006/mu-20260226.htm,raw/MU/MU_10Q_2026-02-26.htm
MU_10Q_2025-11-27,Micron Technology,MU,0000723125,10-Q,2025-12-18,2025-11-27,0000723125-25-000046,mu-20251127.htm,True,https://www.sec.gov/Archives/edgar/data/723125/000072312525000046/mu-20251127.htm,raw/MU/MU_10Q_2025-11-27.htm
MU_10K_2025-08-28,Micron Technology,MU,0000723125,10-K,2025-10-03,2025-08-28,0000723125-25-000028,mu-20250828.htm,True,https://www.sec.gov/Archives/edgar/data/723125/000072312525000028/mu-20250828.htm,raw/MU/MU_10K_2025-08-28.htm
MU_10Q_2025-05-29,Micron Technology,MU,0000723125,10-Q,2025-06-26,2025-05-29,0000723125-25-000021,mu-20250529.htm,True,https://www.sec.gov/Archives/edgar/data/723125/000072312525000021/mu-20250529.htm,raw/MU/MU_10Q_2025-05-29.htm
MU_10Q_2025-02-27,Micron Technology,MU,0000723125,10-Q,2025-03-21,2025-02-27,0000723125-25-000009,mu-20250227.htm,True,https://www.sec.gov/Archives/edgar/data/723125/000072312525000009/mu-20250227.htm,raw/MU/MU_10Q_2025-02-27.htm
MU_10Q_2024-11-28,Micron Technology,MU,0000723125,10-Q,2024-12-19,2024-11-28,0000723125-24-000047,mu-20241128.htm,True,https://www.sec.gov/Archives/edgar/data/723125/000072312524000047/mu-20241128.htm,raw/MU/MU_10Q_2024-11-28.htm
MU_10K_2024-08-29,Micron Technology,MU,0000723125,10-K,2024-10-04,2024-08-29,0000723125-24-000027,mu-20240829.htm,True,https://www.sec.gov/Archives/edgar/data/723125/000072312524000027/mu-20240829.htm,raw/MU/MU_10K_2024-08-29.htm
MSFT_10K_2026-06-30,Microsoft,MSFT,0000789019,10-K,2026-07-29,2026-06-30,0001193125-26-323660,msft-20260630.htm,True,https://www.sec.gov/Archives/edgar/data/789019/000119312526323660/msft-20260630.htm,raw/MSFT/MSFT_10K_2026-06-30.htm
MSFT_10Q_2026-03-31,Microsoft,MSFT,0000789019,10-Q,2026-04-29,2026-03-31,0001193125-26-191507,msft-20260331.htm,True,https://www.sec.gov/Archives/edgar/data/789019/000119312526191507/msft-20260331.htm,raw/MSFT/MSFT_10Q_2026-03-31.htm
MSFT_10Q_2025-12-31,Microsoft,MSFT,0000789019,10-Q,2026-01-28,2025-12-31,0001193125-26-027207,msft-20251231.htm,True,https://www.sec.gov/Archives/edgar/data/789019/000119312526027207/msft-20251231.htm,raw/MSFT/MSFT_10Q_2025-12-31.htm
MSFT_10Q_2025-09-30,Microsoft,MSFT,0000789019,10-Q,2025-10-29,2025-09-30,0001193125-25-256321,msft-20250930.htm,True,https://www.sec.gov/Archives/edgar/data/789019/000119312525256321/msft-20250930.htm,raw/MSFT/MSFT_10Q_2025-09-30.htm
MSFT_10K_2025-06-30,Microsoft,MSFT,0000789019,10-K,2025-07-30,2025-06-30,0000950170-25-100235,msft-20250630.htm,True,https://www.sec.gov/Archives/edgar/data/789019/000095017025100235/msft-20250630.htm,raw/MSFT/MSFT_10K_2025-06-30.htm
MSFT_10Q_2025-03-31,Microsoft,MSFT,0000789019,10-Q,2025-04-30,2025-03-31,0000950170-25-061046,msft-20250331.htm,True,https://www.sec.gov/Archives/edgar/data/789019/000095017025061046/msft-20250331.htm,raw/MSFT/MSFT_10Q_2025-03-31.htm
MSFT_10Q_2024-12-31,Microsoft,MSFT,0000789019,10-Q,2025-01-29,2024-12-31,0000950170-25-010491,msft-20241231.htm,True,https://www.sec.gov/Archives/edgar/data/789019/000095017025010491/msft-20241231.htm,raw/MSFT/MSFT_10Q_2024-12-31.htm
MSFT_10Q_2024-09-30,Microsoft,MSFT,0000789019,10-Q,2024-10-30,2024-09-30,0000950170-24-118967,msft-20240930.htm,True,https://www.sec.gov/Archives/edgar/data/789019/000095017024118967/msft-20240930.htm,raw/MSFT/MSFT_10Q_2024-09-30.htm
MSTR_10Q_2026-06-30,MicroStrategy,MSTR,0001050446,10-Q,2026-08-03,2026-06-30,0001050446-26-000044,mstr-20260630.htm,True,https://www.sec.gov/Archives/edgar/data/1050446/000105044626000044/mstr-20260630.htm,raw/MSTR/MSTR_10Q_2026-06-30.htm
MSTR_10Q_2026-03-31,MicroStrategy,MSTR,0001050446,10-Q,2026-05-06,2026-03-31,0001050446-26-000031,mstr-20260331.htm,True,https://www.sec.gov/Archives/edgar/data/1050446/000105044626000031/mstr-20260331.htm,raw/MSTR/MSTR_10Q_2026-03-31.htm
MSTR_10K_2025-12-31,MicroStrategy,MSTR,0001050446,10-K,2026-02-19,2025-12-31,0001050446-26-000020,mstr-20251231.htm,True,https://www.sec.gov/Archives/edgar/data/1050446/000105044626000020/mstr-20251231.htm,raw/MSTR/MSTR_10K_2025-12-31.htm
MSTR_10Q_2025-09-30,MicroStrategy,MSTR,0001050446,10-Q,2025-11-03,2025-09-30,0001193125-25-262568,mstr-20250930.htm,True,https://www.sec.gov/Archives/edgar/data/1050446/000119312525262568/mstr-20250930.htm,raw/MSTR/MSTR_10Q_2025-09-30.htm
MSTR_10Q_2025-06-30,MicroStrategy,MSTR,0001050446,10-Q,2025-08-05,2025-06-30,0000950170-25-102209,mstr-20250630.htm,True,https://www.sec.gov/Archives/edgar/data/1050446/000095017025102209/mstr-20250630.htm,raw/MSTR/MSTR_10Q_2025-06-30.htm
MSTR_10Q_2025-03-31,MicroStrategy,MSTR,0001050446,10-Q,2025-05-05,2025-03-31,0000950170-25-063536,mstr-20250331.htm,True,https://www.sec.gov/Archives/edgar/data/1050446/000095017025063536/mstr-20250331.htm,raw/MSTR/MSTR_10Q_2025-03-31.htm
MSTR_10K_2024-12-31,MicroStrategy,MSTR,0001050446,10-K,2025-02-18,2024-12-31,0000950170-25-021814,mstr-20241231.htm,True,https://www.sec.gov/Archives/edgar/data/1050446/000095017025021814/mstr-20241231.htm,raw/MSTR/MSTR_10K_2024-12-31.htm
MSTR_10Q_2024-09-30,MicroStrategy,MSTR,0001050446,10-Q,2024-10-31,2024-09-30,0000950170-24-119263,mstr-20240930.htm,True,https://www.sec.gov/Archives/edgar/data/1050446/000095017024119263/mstr-20240930.htm,raw/MSTR/MSTR_10Q_2024-09-30.htm
MDLZ_10Q_2026-06-30,Mondelez International,MDLZ,0001103982,10-Q,2026-07-28,2026-06-30,0001628280-26-050179,mdlz-20260630.htm,True,https://www.sec.gov/Archives/edgar/data/1103982/000162828026050179/mdlz-20260630.htm,raw/MDLZ/MDLZ_10Q_2026-06-30.htm
MDLZ_10Q_2026-03-31,Mondelez International,MDLZ,0001103982,10-Q,2026-04-28,2026-03-31,0001628280-26-027937,mdlz-20260331.htm,True,https://www.sec.gov/Archives/edgar/data/1103982/000162828026027937/mdlz-20260331.htm,raw/MDLZ/MDLZ_10Q_2026-03-31.htm
MDLZ_10K_2025-12-31,Mondelez International,MDLZ,0001103982,10-K,2026-02-04,2025-12-31,0001628280-26-005345,mdlz-20251231.htm,True,https://www.sec.gov/Archives/edgar/data/1103982/000162828026005345/mdlz-20251231.htm,raw/MDLZ/MDLZ_10K_2025-12-31.htm
MDLZ_10Q_2025-09-30,Mondelez International,MDLZ,0001103982,10-Q,2025-10-28,2025-09-30,0001628280-25-046773,mdlz-20250930.htm,True,https://www.sec.gov/Archives/edgar/data/1103982/000162828025046773/mdlz-20250930.htm,raw/MDLZ/MDLZ_10Q_2025-09-30.htm
MDLZ_10Q_2025-06-30,Mondelez International,MDLZ,0001103982,10-Q,2025-07-29,2025-06-30,0001103982-25-000188,mdlz-20250630.htm,True,https://www.sec.gov/Archives/edgar/data/1103982/000110398225000188/mdlz-20250630.htm,raw/MDLZ/MDLZ_10Q_2025-06-30.htm
MDLZ_10Q_2025-03-31,Mondelez International,MDLZ,0001103982,10-Q,2025-04-29,2025-03-31,0001103982-25-000127,mdlz-20250331.htm,True,https://www.sec.gov/Archives/edgar/data/1103982/000110398225000127/mdlz-20250331.htm,raw/MDLZ/MDLZ_10Q_2025-03-31.htm
MDLZ_10K_2024-12-31,Mondelez International,MDLZ,0001103982,10-K,2025-02-05,2024-12-31,0001103982-25-000030,mdlz-20241231.htm,True,https://www.sec.gov/Archives/edgar/data/1103982/000110398225000030/mdlz-20241231.htm,raw/MDLZ/MDLZ_10K_2024-12-31.htm
MDLZ_10Q_2024-09-30,Mondelez International,MDLZ,0001103982,10-Q,2024-10-29,2024-09-30,0001103982-24-000104,mdlz-20240930.htm,True,https://www.sec.gov/Archives/edgar/data/1103982/000110398224000104/mdlz-20240930.htm,raw/MDLZ/MDLZ_10Q_2024-09-30.htm
MPWR_10Q_2026-06-30,Monolithic Power Systems,MPWR,0001280452,10-Q,2026-08-05,2026-06-30,0001628280-26-053275,mpwr-20260630.htm,True,https://www.sec.gov/Archives/edgar/data/1280452/000162828026053275/mpwr-20260630.htm,raw/MPWR/MPWR_10Q_2026-06-30.htm
MPWR_10Q_2026-03-31,Monolithic Power Systems,MPWR,0001280452,10-Q,2026-05-04,2026-03-31,0001437749-26-014647,mpwr20260331_10q.htm,True,https://www.sec.gov/Archives/edgar/data/1280452/000143774926014647/mpwr20260331_10q.htm,raw/MPWR/MPWR_10Q_2026-03-31.htm
MPWR_10K_2025-12-31,Monolithic Power Systems,MPWR,0001280452,10-K,2026-02-27,2025-12-31,0001437749-26-006113,mpwr20251231_10k.htm,True,https://www.sec.gov/Archives/edgar/data/1280452/000143774926006113/mpwr20251231_10k.htm,raw/MPWR/MPWR_10K_2025-12-31.htm
MPWR_10Q_2025-09-30,Monolithic Power Systems,MPWR,0001280452,10-Q,2025-11-05,2025-09-30,0001437749-25-033332,mpwr20250930_10q.htm,True,https://www.sec.gov/Archives/edgar/data/1280452/000143774925033332/mpwr20250930_10q.htm,raw/MPWR/MPWR_10Q_2025-09-30.htm
MPWR_10Q_2025-06-30,Monolithic Power Systems,MPWR,0001280452,10-Q,2025-08-04,2025-06-30,0001437749-25-024602,mpwr20250630_10q.htm,True,https://www.sec.gov/Archives/edgar/data/1280452/000143774925024602/mpwr20250630_10q.htm,raw/MPWR/MPWR_10Q_2025-06-30.htm
MPWR_10Q_2025-03-31,Monolithic Power Systems,MPWR,0001280452,10-Q,2025-05-05,2025-03-31,0001437749-25-014522,mpwr20250331_10q.htm,True,https://www.sec.gov/Archives/edgar/data/1280452/000143774925014522/mpwr20250331_10q.htm,raw/MPWR/MPWR_10Q_2025-03-31.htm
MPWR_10K_2024-12-31,Monolithic Power Systems,MPWR,0001280452,10-K,2025-03-03,2024-12-31,0001437749-25-005903,mpwr20241231_10k.htm,True,https://www.sec.gov/Archives/edgar/data/1280452/000143774925005903/mpwr20241231_10k.htm,raw/MPWR/MPWR_10K_2024-12-31.htm
MPWR_10Q_2024-09-30,Monolithic Power Systems,MPWR,0001280452,10-Q,2024-11-06,2024-09-30,0001437749-24-033608,mpwr20240930_10q.htm,True,https://www.sec.gov/Archives/edgar/data/1280452/000143774924033608/mpwr20240930_10q.htm,raw/MPWR/MPWR_10Q_2024-09-30.htm
MNST_10Q_2026-06-30,Monster Beverage,MNST,0000865752,10-Q,2026-08-07,2026-06-30,0001104659-26-092193,mnst-20260630x10q.htm,True,https://www.sec.gov/Archives/edgar/data/865752/000110465926092193/mnst-20260630x10q.htm,raw/MNST/MNST_10Q_2026-06-30.htm
MNST_10Q_2026-03-31,Monster Beverage,MNST,0000865752,10-Q,2026-05-08,2026-03-31,0001104659-26-057398,mnst-20260331x10q.htm,True,https://www.sec.gov/Archives/edgar/data/865752/000110465926057398/mnst-20260331x10q.htm,raw/MNST/MNST_10Q_2026-03-31.htm
MNST_10K_2025-12-31,Monster Beverage,MNST,0000865752,10-K,2026-02-27,2025-12-31,0001104659-26-020831,mnst-20251231x10k.htm,True,https://www.sec.gov/Archives/edgar/data/865752/000110465926020831/mnst-20251231x10k.htm,raw/MNST/MNST_10K_2025-12-31.htm
MNST_10Q_2025-09-30,Monster Beverage,MNST,0000865752,10-Q,2025-11-07,2025-09-30,0001104659-25-107944,mnst-20250930x10q.htm,True,https://www.sec.gov/Archives/edgar/data/865752/000110465925107944/mnst-20250930x10q.htm,raw/MNST/MNST_10Q_2025-09-30.htm
MNST_10Q_2025-06-30,Monster Beverage,MNST,0000865752,10-Q,2025-08-08,2025-06-30,0001410578-25-001620,mnst-20250630x10q.htm,True,https://www.sec.gov/Archives/edgar/data/865752/000141057825001620/mnst-20250630x10q.htm,raw/MNST/MNST_10Q_2025-06-30.htm
MNST_10Q_2025-03-31,Monster Beverage,MNST,0000865752,10-Q,2025-05-09,2025-03-31,0001410578-25-001122,mnst-20250331x10q.htm,True,https://www.sec.gov/Archives/edgar/data/865752/000141057825001122/mnst-20250331x10q.htm,raw/MNST/MNST_10Q_2025-03-31.htm
MNST_10K_2024-12-31,Monster Beverage,MNST,0000865752,10-K,2025-02-28,2024-12-31,0001410578-25-000248,mnst-20241231x10k.htm,True,https://www.sec.gov/Archives/edgar/data/865752/000141057825000248/mnst-20241231x10k.htm,raw/MNST/MNST_10K_2024-12-31.htm
MNST_10Q_2024-09-30,Monster Beverage,MNST,0000865752,10-Q,2024-11-08,2024-09-30,0001410578-24-001818,mnst-20240930x10q.htm,True,https://www.sec.gov/Archives/edgar/data/865752/000141057824001818/mnst-20240930x10q.htm,raw/MNST/MNST_10Q_2024-09-30.htm
NFLX_10Q_2026-06-30,"Netflix, Inc.",NFLX,0001065280,10-Q,2026-07-17,2026-06-30,0001065280-26-000212,nflx-20260630.htm,True,https://www.sec.gov/Archives/edgar/data/1065280/000106528026000212/nflx-20260630.htm,raw/NFLX/NFLX_10Q_2026-06-30.htm
NFLX_10Q_2026-03-31,"Netflix, Inc.",NFLX,0001065280,10-Q,2026-04-17,2026-03-31,0001065280-26-000138,nflx-20260331.htm,True,https://www.sec.gov/Archives/edgar/data/1065280/000106528026000138/nflx-20260331.htm,raw/NFLX/NFLX_10Q_2026-03-31.htm
NFLX_10K_2025-12-31,"Netflix, Inc.",NFLX,0001065280,10-K,2026-01-23,2025-12-31,0001065280-26-000034,nflx-20251231.htm,True,https://www.sec.gov/Archives/edgar/data/1065280/000106528026000034/nflx-20251231.htm,raw/NFLX/NFLX_10K_2025-12-31.htm
NFLX_10Q_2025-09-30,"Netflix, Inc.",NFLX,0001065280,10-Q,2025-10-22,2025-09-30,0001065280-25-000406,nflx-20250930.htm,True,https://www.sec.gov/Archives/edgar/data/1065280/000106528025000406/nflx-20250930.htm,raw/NFLX/NFLX_10Q_2025-09-30.htm
NFLX_10Q_2025-06-30,"Netflix, Inc.",NFLX,0001065280,10-Q,2025-07-18,2025-06-30,0001065280-25-000323,nflx-20250630.htm,True,https://www.sec.gov/Archives/edgar/data/1065280/000106528025000323/nflx-20250630.htm,raw/NFLX/NFLX_10Q_2025-06-30.htm
NFLX_10Q_2025-03-31,"Netflix, Inc.",NFLX,0001065280,10-Q,2025-04-18,2025-03-31,0001065280-25-000176,nflx-20250331.htm,True,https://www.sec.gov/Archives/edgar/data/1065280/000106528025000176/nflx-20250331.htm,raw/NFLX/NFLX_10Q_2025-03-31.htm
NFLX_10K_2024-12-31,"Netflix, Inc.",NFLX,0001065280,10-K,2025-01-27,2024-12-31,0001065280-25-000044,nflx-20241231.htm,True,https://www.sec.gov/Archives/edgar/data/1065280/000106528025000044/nflx-20241231.htm,raw/NFLX/NFLX_10K_2024-12-31.htm
NFLX_10Q_2024-09-30,"Netflix, Inc.",NFLX,0001065280,10-Q,2024-10-18,2024-09-30,0001065280-24-000287,nflx-20240930.htm,True,https://www.sec.gov/Archives/edgar/data/1065280/000106528024000287/nflx-20240930.htm,raw/NFLX/NFLX_10Q_2024-09-30.htm
NVDA_10Q_2026-07-26,Nvidia,NVDA,0001045810,10-Q,2026-08-26,2026-07-26,0001045810-26-000075,nvda-20260726.htm,True,https://www.sec.gov/Archives/edgar/data/1045810/000104581026000075/nvda-20260726.htm,raw/NVDA/NVDA_10Q_2026-07-26.htm
NVDA_10Q_2026-04-26,Nvidia,NVDA,0001045810,10-Q,2026-05-20,2026-04-26,0001045810-26-000052,nvda-20260426.htm,True,https://www.sec.gov/Archives/edgar/data/1045810/000104581026000052/nvda-20260426.htm,raw/NVDA/NVDA_10Q_2026-04-26.htm
NVDA_10K_2026-01-25,Nvidia,NVDA,0001045810,10-K,2026-02-25,2026-01-25,0001045810-26-000021,nvda-20260125.htm,True,https://www.sec.gov/Archives/edgar/data/1045810/000104581026000021/nvda-20260125.htm,raw/NVDA/NVDA_10K_2026-01-25.htm
NVDA_10Q_2025-10-26,Nvidia,NVDA,0001045810,10-Q,2025-11-19,2025-10-26,0001045810-25-000230,nvda-20251026.htm,True,https://www.sec.gov/Archives/edgar/data/1045810/000104581025000230/nvda-20251026.htm,raw/NVDA/NVDA_10Q_2025-10-26.htm
NVDA_10Q_2025-07-27,Nvidia,NVDA,0001045810,10-Q,2025-08-27,2025-07-27,0001045810-25-000209,nvda-20250727.htm,True,https://www.sec.gov/Archives/edgar/data/1045810/000104581025000209/nvda-20250727.htm,raw/NVDA/NVDA_10Q_2025-07-27.htm
NVDA_10Q_2025-04-27,Nvidia,NVDA,0001045810,10-Q,2025-05-28,2025-04-27,0001045810-25-000116,nvda-20250427.htm,True,https://www.sec.gov/Archives/edgar/data/1045810/000104581025000116/nvda-20250427.htm,raw/NVDA/NVDA_10Q_2025-04-27.htm
NVDA_10K_2025-01-26,Nvidia,NVDA,0001045810,10-K,2025-02-26,2025-01-26,0001045810-25-000023,nvda-20250126.htm,True,https://www.sec.gov/Archives/edgar/data/1045810/000104581025000023/nvda-20250126.htm,raw/NVDA/NVDA_10K_2025-01-26.htm
NVDA_10Q_2024-10-27,Nvidia,NVDA,0001045810,10-Q,2024-11-20,2024-10-27,0001045810-24-000316,nvda-20241027.htm,True,https://www.sec.gov/Archives/edgar/data/1045810/000104581024000316/nvda-20241027.htm,raw/NVDA/NVDA_10Q_2024-10-27.htm
NXPI_10Q_2026-06-28,NXP Semiconductors,NXPI,0001413447,10-Q,2026-07-28,2026-06-28,0001413447-26-000045,nxpi-20260628.htm,True,https://www.sec.gov/Archives/edgar/data/1413447/000141344726000045/nxpi-20260628.htm,raw/NXPI/NXPI_10Q_2026-06-28.htm
NXPI_10Q_2026-03-29,NXP Semiconductors,NXPI,0001413447,10-Q,2026-04-28,2026-03-29,0001413447-26-000034,nxpi-20260329.htm,True,https://www.sec.gov/Archives/edgar/data/1413447/000141344726000034/nxpi-20260329.htm,raw/NXPI/NXPI_10Q_2026-03-29.htm
NXPI_10K_2025-12-31,NXP Semiconductors,NXPI,0001413447,10-K,2026-02-19,2025-12-31,0001413447-26-000008,nxpi-20251231.htm,True,https://www.sec.gov/Archives/edgar/data/1413447/000141344726000008/nxpi-20251231.htm,raw/NXPI/NXPI_10K_2025-12-31.htm
NXPI_10Q_2025-09-28,NXP Semiconductors,NXPI,0001413447,10-Q,2025-10-28,2025-09-28,0001413447-25-000120,nxpi-20250928.htm,True,https://www.sec.gov/Archives/edgar/data/1413447/000141344725000120/nxpi-20250928.htm,raw/NXPI/NXPI_10Q_2025-09-28.htm
NXPI_10Q_2025-06-29,NXP Semiconductors,NXPI,0001413447,10-Q,2025-07-24,2025-06-29,0001413447-25-000106,nxpi-20250629.htm,True,https://www.sec.gov/Archives/edgar/data/1413447/000141344725000106/nxpi-20250629.htm,raw/NXPI/NXPI_10Q_2025-06-29.htm
NXPI_10Q_2025-03-30,NXP Semiconductors,NXPI,0001413447,10-Q,2025-04-29,2025-03-30,0001413447-25-000031,nxpi-20250330.htm,True,https://www.sec.gov/Archives/edgar/data/1413447/000141344725000031/nxpi-20250330.htm,raw/NXPI/NXPI_10Q_2025-03-30.htm
NXPI_10K_2024-12-31,NXP Semiconductors,NXPI,0001413447,10-K,2025-02-20,2024-12-31,0001413447-25-000019,nxpi-20241231.htm,True,https://www.sec.gov/Archives/edgar/data/1413447/000141344725000019/nxpi-20241231.htm,raw/NXPI/NXPI_10K_2024-12-31.htm
NXPI_10Q_2024-09-29,NXP Semiconductors,NXPI,0001413447,10-Q,2024-11-05,2024-09-29,0001413447-24-000089,nxpi-20240929.htm,True,https://www.sec.gov/Archives/edgar/data/1413447/000141344724000089/nxpi-20240929.htm,raw/NXPI/NXPI_10Q_2024-09-29.htm
ORLY_10Q_2026-06-30,O'Reilly Automotive,ORLY,0000898173,10-Q,2026-08-07,2026-06-30,0000898173-26-000045,orly-20260630x10q.htm,True,https://www.sec.gov/Archives/edgar/data/898173/000089817326000045/orly-20260630x10q.htm,raw/ORLY/ORLY_10Q_2026-06-30.htm
ORLY_10Q_2026-03-31,O'Reilly Automotive,ORLY,0000898173,10-Q,2026-05-08,2026-03-31,0000898173-26-000027,orly-20260331x10q.htm,True,https://www.sec.gov/Archives/edgar/data/898173/000089817326000027/orly-20260331x10q.htm,raw/ORLY/ORLY_10Q_2026-03-31.htm
ORLY_10K_2025-12-31,O'Reilly Automotive,ORLY,0000898173,10-K,2026-02-27,2025-12-31,0000898173-26-000009,orly-20251231x10k.htm,True,https://www.sec.gov/Archives/edgar/data/898173/000089817326000009/orly-20251231x10k.htm,raw/ORLY/ORLY_10K_2025-12-31.htm
ORLY_10Q_2025-09-30,O'Reilly Automotive,ORLY,0000898173,10-Q,2025-11-07,2025-09-30,0000898173-25-000057,orly-20250930x10q.htm,True,https://www.sec.gov/Archives/edgar/data/898173/000089817325000057/orly-20250930x10q.htm,raw/ORLY/ORLY_10Q_2025-09-30.htm
ORLY_10Q_2025-06-30,O'Reilly Automotive,ORLY,0000898173,10-Q,2025-08-08,2025-06-30,0000898173-25-000049,orly-20250630x10q.htm,True,https://www.sec.gov/Archives/edgar/data/898173/000089817325000049/orly-20250630x10q.htm,raw/ORLY/ORLY_10Q_2025-06-30.htm
ORLY_10Q_2025-03-31,O'Reilly Automotive,ORLY,0000898173,10-Q,2025-05-09,2025-03-31,0000898173-25-000029,orly-20250331x10q.htm,True,https://www.sec.gov/Archives/edgar/data/898173/000089817325000029/orly-20250331x10q.htm,raw/ORLY/ORLY_10Q_2025-03-31.htm
ORLY_10K_2024-12-31,O'Reilly Automotive,ORLY,0000898173,10-K,2025-02-28,2024-12-31,0000898173-25-000008,orly-20241231x10k.htm,True,https://www.sec.gov/Archives/edgar/data/898173/000089817325000008/orly-20241231x10k.htm,raw/ORLY/ORLY_10K_2024-12-31.htm
ORLY_10Q_2024-09-30,O'Reilly Automotive,ORLY,0000898173,10-Q,2024-11-08,2024-09-30,0000898173-24-000043,orly-20240930x10q.htm,True,https://www.sec.gov/Archives/edgar/data/898173/000089817324000043/orly-20240930x10q.htm,raw/ORLY/ORLY_10Q_2024-09-30.htm
ODFL_10Q_2026-06-30,Old Dominion Freight Line,ODFL,0000878927,10-Q,2026-08-05,2026-06-30,0000878927-26-000023,odfl-20260630.htm,True,https://www.sec.gov/Archives/edgar/data/878927/000087892726000023/odfl-20260630.htm,raw/ODFL/ODFL_10Q_2026-06-30.htm
ODFL_10Q_2026-03-31,Old Dominion Freight Line,ODFL,0000878927,10-Q,2026-05-06,2026-03-31,0000878927-26-000011,odfl-20260331.htm,True,https://www.sec.gov/Archives/edgar/data/878927/000087892726000011/odfl-20260331.htm,raw/ODFL/ODFL_10Q_2026-03-31.htm
ODFL_10K_2025-12-31,Old Dominion Freight Line,ODFL,0000878927,10-K,2026-02-24,2025-12-31,0001193125-26-067161,odfl-20251231.htm,True,https://www.sec.gov/Archives/edgar/data/878927/000119312526067161/odfl-20251231.htm,raw/ODFL/ODFL_10K_2025-12-31.htm
ODFL_10Q_2025-09-30,Old Dominion Freight Line,ODFL,0000878927,10-Q,2025-11-06,2025-09-30,0001193125-25-268415,odfl-20250930.htm,True,https://www.sec.gov/Archives/edgar/data/878927/000119312525268415/odfl-20250930.htm,raw/ODFL/ODFL_10Q_2025-09-30.htm
ODFL_10Q_2025-06-30,Old Dominion Freight Line,ODFL,0000878927,10-Q,2025-08-06,2025-06-30,0000950170-25-103916,odfl-20250630.htm,True,https://www.sec.gov/Archives/edgar/data/878927/000095017025103916/odfl-20250630.htm,raw/ODFL/ODFL_10Q_2025-06-30.htm
ODFL_10Q_2025-03-31,Old Dominion Freight Line,ODFL,0000878927,10-Q,2025-05-06,2025-03-31,0000950170-25-064508,odfl-20250331.htm,True,https://www.sec.gov/Archives/edgar/data/878927/000095017025064508/odfl-20250331.htm,raw/ODFL/ODFL_10Q_2025-03-31.htm
ODFL_10K_2024-12-31,Old Dominion Freight Line,ODFL,0000878927,10-K,2025-02-25,2024-12-31,0000950170-25-026661,odfl-20241231.htm,True,https://www.sec.gov/Archives/edgar/data/878927/000095017025026661/odfl-20241231.htm,raw/ODFL/ODFL_10K_2024-12-31.htm
ODFL_10Q_2024-09-30,Old Dominion Freight Line,ODFL,0000878927,10-Q,2024-11-06,2024-09-30,0000950170-24-122440,odfl-20240930.htm,True,https://www.sec.gov/Archives/edgar/data/878927/000095017024122440/odfl-20240930.htm,raw/ODFL/ODFL_10Q_2024-09-30.htm
PCAR_10Q_2026-06-30,Paccar,PCAR,0000075362,10-Q,2026-07-29,2026-06-30,0001193125-26-323642,pcar-20260630.htm,True,https://www.sec.gov/Archives/edgar/data/75362/000119312526323642/pcar-20260630.htm,raw/PCAR/PCAR_10Q_2026-06-30.htm
PCAR_10Q_2026-03-31,Paccar,PCAR,0000075362,10-Q,2026-04-29,2026-03-31,0001193125-26-191499,pcar-20260331.htm,True,https://www.sec.gov/Archives/edgar/data/75362/000119312526191499/pcar-20260331.htm,raw/PCAR/PCAR_10Q_2026-03-31.htm
PCAR_10K_2025-12-31,Paccar,PCAR,0000075362,10-K,2026-02-18,2025-12-31,0001193125-26-057025,pcar-20251231.htm,True,https://www.sec.gov/Archives/edgar/data/75362/000119312526057025/pcar-20251231.htm,raw/PCAR/PCAR_10K_2025-12-31.htm
PCAR_10Q_2025-09-30,Paccar,PCAR,0000075362,10-Q,2025-10-30,2025-09-30,0001193125-25-258509,pcar-20250930.htm,True,https://www.sec.gov/Archives/edgar/data/75362/000119312525258509/pcar-20250930.htm,raw/PCAR/PCAR_10Q_2025-09-30.htm
PCAR_10Q_2025-06-30,Paccar,PCAR,0000075362,10-Q,2025-07-31,2025-06-30,0000950170-25-100887,pcar-20250630.htm,True,https://www.sec.gov/Archives/edgar/data/75362/000095017025100887/pcar-20250630.htm,raw/PCAR/PCAR_10Q_2025-06-30.htm
PCAR_10Q_2025-03-31,Paccar,PCAR,0000075362,10-Q,2025-05-01,2025-03-31,0000950170-25-061813,pcar-20250331.htm,True,https://www.sec.gov/Archives/edgar/data/75362/000095017025061813/pcar-20250331.htm,raw/PCAR/PCAR_10Q_2025-03-31.htm
PCAR_10K_2024-12-31,Paccar,PCAR,0000075362,10-K,2025-02-19,2024-12-31,0000950170-25-023145,pcar-20241231.htm,True,https://www.sec.gov/Archives/edgar/data/75362/000095017025023145/pcar-20241231.htm,raw/PCAR/PCAR_10K_2024-12-31.htm
PCAR_10Q_2024-09-30,Paccar,PCAR,0000075362,10-Q,2024-10-30,2024-09-30,0000950170-24-118960,pcar-20240930.htm,True,https://www.sec.gov/Archives/edgar/data/75362/000095017024118960/pcar-20240930.htm,raw/PCAR/PCAR_10Q_2024-09-30.htm
PLTR_10Q_2026-06-30,Palantir Technologies,PLTR,0001321655,10-Q,2026-08-04,2026-06-30,0001321655-26-000041,pltr-20260630.htm,True,https://www.sec.gov/Archives/edgar/data/1321655/000132165526000041/pltr-20260630.htm,raw/PLTR/PLTR_10Q_2026-06-30.htm
PLTR_10Q_2026-03-31,Palantir Technologies,PLTR,0001321655,10-Q,2026-05-05,2026-03-31,0001321655-26-000028,pltr-20260331.htm,True,https://www.sec.gov/Archives/edgar/data/1321655/000132165526000028/pltr-20260331.htm,raw/PLTR/PLTR_10Q_2026-03-31.htm
PLTR_10K_2025-12-31,Palantir Technologies,PLTR,0001321655,10-K,2026-02-17,2025-12-31,0001321655-26-000011,pltr-20251231.htm,True,https://www.sec.gov/Archives/edgar/data/1321655/000132165526000011/pltr-20251231.htm,raw/PLTR/PLTR_10K_2025-12-31.htm
PLTR_10Q_2025-09-30,Palantir Technologies,PLTR,0001321655,10-Q,2025-11-04,2025-09-30,0001321655-25-000131,pltr-20250930.htm,True,https://www.sec.gov/Archives/edgar/data/1321655/000132165525000131/pltr-20250930.htm,raw/PLTR/PLTR_10Q_2025-09-30.htm
PLTR_10Q_2025-06-30,Palantir Technologies,PLTR,0001321655,10-Q,2025-08-05,2025-06-30,0001321655-25-000106,pltr-20250630.htm,True,https://www.sec.gov/Archives/edgar/data/1321655/000132165525000106/pltr-20250630.htm,raw/PLTR/PLTR_10Q_2025-06-30.htm
PLTR_10Q_2025-03-31,Palantir Technologies,PLTR,0001321655,10-Q,2025-05-06,2025-03-31,0001321655-25-000066,pltr-20250331.htm,True,https://www.sec.gov/Archives/edgar/data/1321655/000132165525000066/pltr-20250331.htm,raw/PLTR/PLTR_10Q_2025-03-31.htm
PLTR_10K_2024-12-31,Palantir Technologies,PLTR,0001321655,10-K,2025-02-18,2024-12-31,0001321655-25-000022,pltr-20241231.htm,True,https://www.sec.gov/Archives/edgar/data/1321655/000132165525000022/pltr-20241231.htm,raw/PLTR/PLTR_10K_2024-12-31.htm
PLTR_10Q_2024-09-30,Palantir Technologies,PLTR,0001321655,10-Q,2024-11-05,2024-09-30,0001321655-24-000209,pltr-20240930.htm,True,https://www.sec.gov/Archives/edgar/data/1321655/000132165524000209/pltr-20240930.htm,raw/PLTR/PLTR_10Q_2024-09-30.htm
PANW_10K_2026-07-31,Palo Alto Networks,PANW,0001327567,10-K,2026-09-10,2026-07-31,0001327567-26-000023,panw-20260731.htm,True,https://www.sec.gov/Archives/edgar/data/1327567/000132756726000023/panw-20260731.htm,raw/PANW/PANW_10K_2026-07-31.htm
PANW_10Q_2026-04-30,Palo Alto Networks,PANW,0001327567,10-Q,2026-06-03,2026-04-30,0001327567-26-000015,panw-20260430.htm,True,https://www.sec.gov/Archives/edgar/data/1327567/000132756726000015/panw-20260430.htm,raw/PANW/PANW_10Q_2026-04-30.htm
PANW_10Q_2026-01-31,Palo Alto Networks,PANW,0001327567,10-Q,2026-02-18,2026-01-31,0001327567-26-000005,panw-20260131.htm,True,https://www.sec.gov/Archives/edgar/data/1327567/000132756726000005/panw-20260131.htm,raw/PANW/PANW_10Q_2026-01-31.htm
PANW_10Q_2025-10-31,Palo Alto Networks,PANW,0001327567,10-Q,2025-11-20,2025-10-31,0001327567-25-000035,panw-20251031.htm,True,https://www.sec.gov/Archives/edgar/data/1327567/000132756725000035/panw-20251031.htm,raw/PANW/PANW_10Q_2025-10-31.htm
PANW_10K_2025-07-31,Palo Alto Networks,PANW,0001327567,10-K,2025-08-29,2025-07-31,0001327567-25-000027,panw-20250731.htm,True,https://www.sec.gov/Archives/edgar/data/1327567/000132756725000027/panw-20250731.htm,raw/PANW/PANW_10K_2025-07-31.htm
PANW_10Q_2025-04-30,Palo Alto Networks,PANW,0001327567,10-Q,2025-05-21,2025-04-30,0001327567-25-000017,panw-20250430.htm,True,https://www.sec.gov/Archives/edgar/data/1327567/000132756725000017/panw-20250430.htm,raw/PANW/PANW_10Q_2025-04-30.htm
PANW_10Q_2025-01-31,Palo Alto Networks,PANW,0001327567,10-Q,2025-02-14,2025-01-31,0001327567-25-000010,panw-20250131.htm,True,https://www.sec.gov/Archives/edgar/data/1327567/000132756725000010/panw-20250131.htm,raw/PANW/PANW_10Q_2025-01-31.htm
PANW_10Q_2024-10-31,Palo Alto Networks,PANW,0001327567,10-Q,2024-11-21,2024-10-31,0001327567-24-000040,panw-20241031.htm,True,https://www.sec.gov/Archives/edgar/data/1327567/000132756724000040/panw-20241031.htm,raw/PANW/PANW_10Q_2024-10-31.htm
PAYX_10Q_2026-08-31,Paychex,PAYX,0000723531,10-Q,2026-09-24,2026-08-31,0000723531-26-000006,payx-20260831.htm,True,https://www.sec.gov/Archives/edgar/data/723531/000072353126000006/payx-20260831.htm,raw/PAYX/PAYX_10Q_2026-08-31.htm
PAYX_10K_2026-05-31,Paychex,PAYX,0000723531,10-K,2026-07-17,2026-05-31,0001193125-26-307785,payx-20260531.htm,True,https://www.sec.gov/Archives/edgar/data/723531/000119312526307785/payx-20260531.htm,raw/PAYX/PAYX_10K_2026-05-31.htm
PAYX_10Q_2026-02-28,Paychex,PAYX,0000723531,10-Q,2026-03-26,2026-02-28,0001193125-26-126204,payx-20260228.htm,True,https://www.sec.gov/Archives/edgar/data/723531/000119312526126204/payx-20260228.htm,raw/PAYX/PAYX_10Q_2026-02-28.htm
PAYX_10Q_2025-11-30,Paychex,PAYX,0000723531,10-Q,2025-12-22,2025-11-30,0001193125-25-328698,payx-20251130.htm,True,https://www.sec.gov/Archives/edgar/data/723531/000119312525328698/payx-20251130.htm,raw/PAYX/PAYX_10Q_2025-11-30.htm
PAYX_10Q_2025-08-31,Paychex,PAYX,0000723531,10-Q,2025-09-30,2025-08-31,0001193125-25-224997,payx-20250831.htm,True,https://www.sec.gov/Archives/edgar/data/723531/000119312525224997/payx-20250831.htm,raw/PAYX/PAYX_10Q_2025-08-31.htm
PAYX_10K_2025-05-31,Paychex,PAYX,0000723531,10-K,2025-07-11,2025-05-31,0000950170-25-095300,payx-20250531.htm,True,https://www.sec.gov/Archives/edgar/data/723531/000095017025095300/payx-20250531.htm,raw/PAYX/PAYX_10K_2025-05-31.htm
PAYX_10Q_2025-02-28,Paychex,PAYX,0000723531,10-Q,2025-03-26,2025-02-28,0000950170-25-045216,payx-20250228.htm,True,https://www.sec.gov/Archives/edgar/data/723531/000095017025045216/payx-20250228.htm,raw/PAYX/PAYX_10Q_2025-02-28.htm
PAYX_10Q_2024-11-30,Paychex,PAYX,0000723531,10-Q,2024-12-19,2024-11-30,0000950170-24-138425,payx-20241130.htm,True,https://www.sec.gov/Archives/edgar/data/723531/000095017024138425/payx-20241130.htm,raw/PAYX/PAYX_10Q_2024-11-30.htm
PYPL_10Q_2026-06-30,PayPal,PYPL,0001633917,10-Q,2026-07-28,2026-06-30,0001633917-26-000082,pypl-20260630.htm,True,https://www.sec.gov/Archives/edgar/data/1633917/000163391726000082/pypl-20260630.htm,raw/PYPL/PYPL_10Q_2026-06-30.htm
PYPL_10Q_2026-03-31,PayPal,PYPL,0001633917,10-Q,2026-05-05,2026-03-31,0001633917-26-000067,pypl-20260331.htm,True,https://www.sec.gov/Archives/edgar/data/1633917/000163391726000067/pypl-20260331.htm,raw/PYPL/PYPL_10Q_2026-03-31.htm
PYPL_10K_2025-12-31,PayPal,PYPL,0001633917,10-K,2026-02-03,2025-12-31,0001633917-26-000024,pypl-20251231.htm,True,https://www.sec.gov/Archives/edgar/data/1633917/000163391726000024/pypl-20251231.htm,raw/PYPL/PYPL_10K_2025-12-31.htm
PYPL_10Q_2025-09-30,PayPal,PYPL,0001633917,10-Q,2025-10-28,2025-09-30,0001633917-25-000196,pypl-20250930.htm,True,https://www.sec.gov/Archives/edgar/data/1633917/000163391725000196/pypl-20250930.htm,raw/PYPL/PYPL_10Q_2025-09-30.htm
PYPL_10Q_2025-06-30,PayPal,PYPL,0001633917,10-Q,2025-07-29,2025-06-30,0001633917-25-000161,pypl-20250630.htm,True,https://www.sec.gov/Archives/edgar/data/1633917/000163391725000161/pypl-20250630.htm,raw/PYPL/PYPL_10Q_2025-06-30.htm
PYPL_10Q_2025-03-31,PayPal,PYPL,0001633917,10-Q,2025-04-29,2025-03-31,0001633917-25-000064,pypl-20250331.htm,True,https://www.sec.gov/Archives/edgar/data/1633917/000163391725000064/pypl-20250331.htm,raw/PYPL/PYPL_10Q_2025-03-31.htm
PYPL_10K_2024-12-31,PayPal,PYPL,0001633917,10-K,2025-02-04,2024-12-31,0001633917-25-000019,pypl-20241231.htm,True,https://www.sec.gov/Archives/edgar/data/1633917/000163391725000019/pypl-20241231.htm,raw/PYPL/PYPL_10K_2024-12-31.htm
PYPL_10Q_2024-09-30,PayPal,PYPL,0001633917,10-Q,2024-10-29,2024-09-30,0001633917-24-000110,pypl-20240930.htm,True,https://www.sec.gov/Archives/edgar/data/1633917/000163391724000110/pypl-20240930.htm,raw/PYPL/PYPL_10Q_2024-09-30.htm
PEP_10Q_2026-06-13,PepsiCo,PEP,0000077476,10-Q,2026-07-09,2026-06-13,0000077476-26-000035,pep-20260613.htm,True,https://www.sec.gov/Archives/edgar/data/77476/000007747626000035/pep-20260613.htm,raw/PEP/PEP_10Q_2026-06-13.htm
PEP_10Q_2026-03-21,PepsiCo,PEP,0000077476,10-Q,2026-04-16,2026-03-21,0000077476-26-000017,pep-20260321.htm,True,https://www.sec.gov/Archives/edgar/data/77476/000007747626000017/pep-20260321.htm,raw/PEP/PEP_10Q_2026-03-21.htm
PEP_10K_2025-12-27,PepsiCo,PEP,0000077476,10-K,2026-02-03,2025-12-27,0000077476-26-000007,pep-20251227.htm,True,https://www.sec.gov/Archives/edgar/data/77476/000007747626000007/pep-20251227.htm,raw/PEP/PEP_10K_2025-12-27.htm
PEP_10Q_2025-09-06,PepsiCo,PEP,0000077476,10-Q,2025-10-09,2025-09-06,0000077476-25-000053,pep-20250906.htm,True,https://www.sec.gov/Archives/edgar/data/77476/000007747625000053/pep-20250906.htm,raw/PEP/PEP_10Q_2025-09-06.htm
PEP_10Q_2025-06-14,PepsiCo,PEP,0000077476,10-Q,2025-07-17,2025-06-14,0000077476-25-000044,pep-20250614.htm,True,https://www.sec.gov/Archives/edgar/data/77476/000007747625000044/pep-20250614.htm,raw/PEP/PEP_10Q_2025-06-14.htm
PEP_10Q_2025-03-22,PepsiCo,PEP,0000077476,10-Q,2025-04-24,2025-03-22,0000077476-25-000019,pep-20250322.htm,True,https://www.sec.gov/Archives/edgar/data/77476/000007747625000019/pep-20250322.htm,raw/PEP/PEP_10Q_2025-03-22.htm
PEP_10K_2024-12-28,PepsiCo,PEP,0000077476,10-K,2025-02-04,2024-12-28,0000077476-25-000007,pep-20241228.htm,True,https://www.sec.gov/Archives/edgar/data/77476/000007747625000007/pep-20241228.htm,raw/PEP/PEP_10K_2024-12-28.htm
PEP_10Q_2024-09-07,PepsiCo,PEP,0000077476,10-Q,2024-10-08,2024-09-07,0000077476-24-000052,pep-20240907.htm,True,https://www.sec.gov/Archives/edgar/data/77476/000007747624000052/pep-20240907.htm,raw/PEP/PEP_10Q_2024-09-07.htm
QCOM_10Q_2026-06-28,Qualcomm,QCOM,0000804328,10-Q,2026-07-29,2026-06-28,0000804328-26-000086,qcom-20260628.htm,True,https://www.sec.gov/Archives/edgar/data/804328/000080432826000086/qcom-20260628.htm,raw/QCOM/QCOM_10Q_2026-06-28.htm
QCOM_10Q_2026-03-29,Qualcomm,QCOM,0000804328,10-Q,2026-04-29,2026-03-29,0000804328-26-000061,qcom-20260329.htm,True,https://www.sec.gov/Archives/edgar/data/804328/000080432826000061/qcom-20260329.htm,raw/QCOM/QCOM_10Q_2026-03-29.htm
QCOM_10Q_2025-12-28,Qualcomm,QCOM,0000804328,10-Q,2026-02-04,2025-12-28,0000804328-26-000017,qcom-20251228.htm,True,https://www.sec.gov/Archives/edgar/data/804328/000080432826000017/qcom-20251228.htm,raw/QCOM/QCOM_10Q_2025-12-28.htm
QCOM_10K_2025-09-28,Qualcomm,QCOM,0000804328,10-K,2025-11-05,2025-09-28,0000804328-25-000085,qcom-20250928.htm,True,https://www.sec.gov/Archives/edgar/data/804328/000080432825000085/qcom-20250928.htm,raw/QCOM/QCOM_10K_2025-09-28.htm
QCOM_10Q_2025-06-29,Qualcomm,QCOM,0000804328,10-Q,2025-07-30,2025-06-29,0000804328-25-000045,qcom-20250629.htm,True,https://www.sec.gov/Archives/edgar/data/804328/000080432825000045/qcom-20250629.htm,raw/QCOM/QCOM_10Q_2025-06-29.htm
QCOM_10Q_2025-03-30,Qualcomm,QCOM,0000804328,10-Q,2025-04-30,2025-03-30,0000804328-25-000031,qcom-20250330.htm,True,https://www.sec.gov/Archives/edgar/data/804328/000080432825000031/qcom-20250330.htm,raw/QCOM/QCOM_10Q_2025-03-30.htm
QCOM_10Q_2024-12-29,Qualcomm,QCOM,0000804328,10-Q,2025-02-05,2024-12-29,0000804328-25-000011,qcom-20241229.htm,True,https://www.sec.gov/Archives/edgar/data/804328/000080432825000011/qcom-20241229.htm,raw/QCOM/QCOM_10Q_2024-12-29.htm
QCOM_10K_2024-09-29,Qualcomm,QCOM,0000804328,10-K,2024-11-06,2024-09-29,0000804328-24-000075,qcom-20240929.htm,True,https://www.sec.gov/Archives/edgar/data/804328/000080432824000075/qcom-20240929.htm,raw/QCOM/QCOM_10K_2024-09-29.htm
REGN_10Q_2026-06-30,Regeneron Pharmaceuticals,REGN,0000872589,10-Q,2026-07-30,2026-06-30,0000872589-26-000025,regn-20260630.htm,True,https://www.sec.gov/Archives/edgar/data/872589/000087258926000025/regn-20260630.htm,raw/REGN/REGN_10Q_2026-06-30.htm
REGN_10Q_2026-03-31,Regeneron Pharmaceuticals,REGN,0000872589,10-Q,2026-04-29,2026-03-31,0000872589-26-000016,regn-20260331.htm,True,https://www.sec.gov/Archives/edgar/data/872589/000087258926000016/regn-20260331.htm,raw/REGN/REGN_10Q_2026-03-31.htm
REGN_10K_2025-12-31,Regeneron Pharmaceuticals,REGN,0000872589,10-K,2026-02-04,2025-12-31,0000872589-26-000008,regn-20251231.htm,True,https://www.sec.gov/Archives/edgar/data/872589/000087258926000008/regn-20251231.htm,raw/REGN/REGN_10K_2025-12-31.htm
REGN_10Q_2025-09-30,Regeneron Pharmaceuticals,REGN,0000872589,10-Q,2025-10-28,2025-09-30,0000872589-25-000028,regn-20250930.htm,True,https://www.sec.gov/Archives/edgar/data/872589/000087258925000028/regn-20250930.htm,raw/REGN/REGN_10Q_2025-09-30.htm
REGN_10Q_2025-06-30,Regeneron Pharmaceuticals,REGN,0000872589,10-Q,2025-08-01,2025-06-30,0000872589-25-000019,regn-20250630.htm,True,https://www.sec.gov/Archives/edgar/data/872589/000087258925000019/regn-20250630.htm,raw/REGN/REGN_10Q_2025-06-30.htm
REGN_10Q_2025-03-31,Regeneron Pharmaceuticals,REGN,0000872589,10-Q,2025-04-29,2025-03-31,0001804220-25-000022,regn-20250331.htm,True,https://www.sec.gov/Archives/edgar/data/872589/000180422025000022/regn-20250331.htm,raw/REGN/REGN_10Q_2025-03-31.htm
REGN_10K_2024-12-31,Regeneron Pharmaceuticals,REGN,0000872589,10-K,2025-02-05,2024-12-31,0001804220-25-000011,regn-20241231.htm,True,https://www.sec.gov/Archives/edgar/data/872589/000180422025000011/regn-20241231.htm,raw/REGN/REGN_10K_2024-12-31.htm
REGN_10Q_2024-09-30,Regeneron Pharmaceuticals,REGN,0000872589,10-Q,2024-10-31,2024-09-30,0001804220-24-000040,regn-20240930.htm,True,https://www.sec.gov/Archives/edgar/data/872589/000180422024000040/regn-20240930.htm,raw/REGN/REGN_10Q_2024-09-30.htm
RKLB_10Q_2026-06-30,Rocket Lab,RKLB,0001819994,10-Q,2026-08-10,2026-06-30,0001819994-26-000062,rklb-20260630.htm,True,https://www.sec.gov/Archives/edgar/data/1819994/000181999426000062/rklb-20260630.htm,raw/RKLB/RKLB_10Q_2026-06-30.htm
RKLB_10Q_2026-03-31,Rocket Lab,RKLB,0001819994,10-Q,2026-05-07,2026-03-31,0001819994-26-000028,rklb-20260331.htm,True,https://www.sec.gov/Archives/edgar/data/1819994/000181999426000028/rklb-20260331.htm,raw/RKLB/RKLB_10Q_2026-03-31.htm
RKLB_10K_2025-12-31,Rocket Lab,RKLB,0001819994,10-K,2026-02-26,2025-12-31,0001819994-26-000013,rklb-20251231.htm,True,https://www.sec.gov/Archives/edgar/data/1819994/000181999426000013/rklb-20251231.htm,raw/RKLB/RKLB_10K_2025-12-31.htm
RKLB_10Q_2025-09-30,Rocket Lab,RKLB,0001819994,10-Q,2025-11-10,2025-09-30,0001819994-25-000021,rklb-20250930.htm,True,https://www.sec.gov/Archives/edgar/data/1819994/000181999425000021/rklb-20250930.htm,raw/RKLB/RKLB_10Q_2025-09-30.htm
RKLB_10Q_2025-06-30,Rocket Lab,RKLB,0001819994,10-Q,2025-08-07,2025-06-30,0001628280-25-038936,rklb-20250630.htm,True,https://www.sec.gov/Archives/edgar/data/1819994/000162828025038936/rklb-20250630.htm,raw/RKLB/RKLB_10Q_2025-06-30.htm
RKLB_10Q_2025-03-31,Rocket Lab,RKLB,0001819994,10-Q,2025-05-08,2025-03-31,0001628280-25-023857,rklb-20250331.htm,True,https://www.sec.gov/Archives/edgar/data/1819994/000162828025023857/rklb-20250331.htm,raw/RKLB/RKLB_10Q_2025-03-31.htm
RKLB_10K_2024-12-31,Rocket Lab,RKLB,0001819994,10-K,2025-02-27,2024-12-31,0001628280-25-008724,rklb-20241231.htm,True,https://www.sec.gov/Archives/edgar/data/1819994/000162828025008724/rklb-20241231.htm,raw/RKLB/RKLB_10K_2024-12-31.htm
RKLB_10Q_2024-09-30,Rocket Lab,RKLB,0001819994,10-Q,2024-11-12,2024-09-30,0000950170-24-125529,rklb-20240930.htm,True,https://www.sec.gov/Archives/edgar/data/1819994/000095017024125529/rklb-20240930.htm,raw/RKLB/RKLB_10Q_2024-09-30.htm
ROP_10Q_2026-06-30,Roper Technologies,ROP,0000882835,10-Q,2026-07-31,2026-06-30,0000882835-26-000036,rop-20260630.htm,True,https://www.sec.gov/Archives/edgar/data/882835/000088283526000036/rop-20260630.htm,raw/ROP/ROP_10Q_2026-06-30.htm
ROP_10Q_2026-03-31,Roper Technologies,ROP,0000882835,10-Q,2026-05-01,2026-03-31,0000882835-26-000019,rop-20260331.htm,True,https://www.sec.gov/Archives/edgar/data/882835/000088283526000019/rop-20260331.htm,raw/ROP/ROP_10Q_2026-03-31.htm
ROP_10K_2025-12-31,Roper Technologies,ROP,0000882835,10-K,2026-02-24,2025-12-31,0000882835-26-000009,rop-20251231.htm,True,https://www.sec.gov/Archives/edgar/data/882835/000088283526000009/rop-20251231.htm,raw/ROP/ROP_10K_2025-12-31.htm
ROP_10Q_2025-09-30,Roper Technologies,ROP,0000882835,10-Q,2025-10-31,2025-09-30,0000882835-25-000045,rop-20250930.htm,True,https://www.sec.gov/Archives/edgar/data/882835/000088283525000045/rop-20250930.htm,raw/ROP/ROP_10Q_2025-09-30.htm
ROP_10Q_2025-06-30,Roper Technologies,ROP,0000882835,10-Q,2025-08-01,2025-06-30,0000882835-25-000036,rop-20250630.htm,True,https://www.sec.gov/Archives/edgar/data/882835/000088283525000036/rop-20250630.htm,raw/ROP/ROP_10Q_2025-06-30.htm
ROP_10Q_2025-03-31,Roper Technologies,ROP,0000882835,10-Q,2025-05-02,2025-03-31,0000882835-25-000020,rop-20250331.htm,True,https://www.sec.gov/Archives/edgar/data/882835/000088283525000020/rop-20250331.htm,raw/ROP/ROP_10Q_2025-03-31.htm
ROP_10K_2024-12-31,Roper Technologies,ROP,0000882835,10-K,2025-02-24,2024-12-31,0000882835-25-000008,rop-20241231.htm,True,https://www.sec.gov/Archives/edgar/data/882835/000088283525000008/rop-20241231.htm,raw/ROP/ROP_10K_2024-12-31.htm
ROP_10Q_2024-09-30,Roper Technologies,ROP,0000882835,10-Q,2024-11-01,2024-09-30,0000882835-24-000044,rop-20240930.htm,True,https://www.sec.gov/Archives/edgar/data/882835/000088283524000044/rop-20240930.htm,raw/ROP/ROP_10Q_2024-09-30.htm
ROST_10Q_2026-08-01,Ross Stores,ROST,0000745732,10-Q,2026-09-01,2026-08-01,0000745732-26-000041,rost-20260801.htm,True,https://www.sec.gov/Archives/edgar/data/745732/000074573226000041/rost-20260801.htm,raw/ROST/ROST_10Q_2026-08-01.htm
ROST_10Q_2026-05-02,Ross Stores,ROST,0000745732,10-Q,2026-06-02,2026-05-02,0000745732-26-000032,rost-20260502.htm,True,https://www.sec.gov/Archives/edgar/data/745732/000074573226000032/rost-20260502.htm,raw/ROST/ROST_10Q_2026-05-02.htm
ROST_10K_2026-01-31,Ross Stores,ROST,0000745732,10-K,2026-03-31,2026-01-31,0000745732-26-000006,rost-20260131.htm,True,https://www.sec.gov/Archives/edgar/data/745732/000074573226000006/rost-20260131.htm,raw/ROST/ROST_10K_2026-01-31.htm
ROST_10Q_2025-11-01,Ross Stores,ROST,0000745732,10-Q,2025-12-10,2025-11-01,0000745732-25-000061,rost-20251101.htm,True,https://www.sec.gov/Archives/edgar/data/745732/000074573225000061/rost-20251101.htm,raw/ROST/ROST_10Q_2025-11-01.htm
ROST_10Q_2025-08-02,Ross Stores,ROST,0000745732,10-Q,2025-09-10,2025-08-02,0000745732-25-000052,rost-20250802.htm,True,https://www.sec.gov/Archives/edgar/data/745732/000074573225000052/rost-20250802.htm,raw/ROST/ROST_10Q_2025-08-02.htm
ROST_10Q_2025-05-03,Ross Stores,ROST,0000745732,10-Q,2025-06-11,2025-05-03,0000745732-25-000031,rost-20250503.htm,True,https://www.sec.gov/Archives/edgar/data/745732/000074573225000031/rost-20250503.htm,raw/ROST/ROST_10Q_2025-05-03.htm
ROST_10K_2025-02-01,Ross Stores,ROST,0000745732,10-K,2025-04-01,2025-02-01,0000745732-25-000010,rost-20250201.htm,True,https://www.sec.gov/Archives/edgar/data/745732/000074573225000010/rost-20250201.htm,raw/ROST/ROST_10K_2025-02-01.htm
ROST_10Q_2024-11-02,Ross Stores,ROST,0000745732,10-Q,2024-12-11,2024-11-02,0000745732-24-000062,rost-20241102.htm,True,https://www.sec.gov/Archives/edgar/data/745732/000074573224000062/rost-20241102.htm,raw/ROST/ROST_10Q_2024-11-02.htm
SNDK_10K_2026-07-03,Sandisk,SNDK,0002023554,10-K,2026-08-17,2026-07-03,0001628280-26-057406,sndk-20260703.htm,True,https://www.sec.gov/Archives/edgar/data/2023554/000162828026057406/sndk-20260703.htm,raw/SNDK/SNDK_10K_2026-07-03.htm
SNDK_10Q_2026-04-03,Sandisk,SNDK,0002023554,10-Q,2026-05-01,2026-04-03,0001628280-26-029401,sndk-20260403.htm,True,https://www.sec.gov/Archives/edgar/data/2023554/000162828026029401/sndk-20260403.htm,raw/SNDK/SNDK_10Q_2026-04-03.htm
SNDK_10Q_2026-01-02,Sandisk,SNDK,0002023554,10-Q,2026-01-30,2026-01-02,0001628280-26-004407,sndk-20260102.htm,True,https://www.sec.gov/Archives/edgar/data/2023554/000162828026004407/sndk-20260102.htm,raw/SNDK/SNDK_10Q_2026-01-02.htm
SNDK_10Q_2025-10-03,Sandisk,SNDK,0002023554,10-Q,2025-11-07,2025-10-03,0001628280-25-050698,sndk-20251003.htm,True,https://www.sec.gov/Archives/edgar/data/2023554/000162828025050698/sndk-20251003.htm,raw/SNDK/SNDK_10Q_2025-10-03.htm
SNDK_10K_2025-06-27,Sandisk,SNDK,0002023554,10-K,2025-08-21,2025-06-27,0002023554-25-000034,sndk-20250627.htm,True,https://www.sec.gov/Archives/edgar/data/2023554/000202355425000034/sndk-20250627.htm,raw/SNDK/SNDK_10K_2025-06-27.htm
SNDK_10Q_2025-03-28,Sandisk,SNDK,0002023554,10-Q,2025-05-12,2025-03-28,0002023554-25-000027,sndk-20250328.htm,True,https://www.sec.gov/Archives/edgar/data/2023554/000202355425000027/sndk-20250328.htm,raw/SNDK/SNDK_10Q_2025-03-28.htm
SNDK_10Q_2024-12-27,Sandisk,SNDK,0002023554,10-Q,2025-03-07,2024-12-27,0002023554-25-000004,sndk-20241227.htm,True,https://www.sec.gov/Archives/edgar/data/2023554/000202355425000004/sndk-20241227.htm,raw/SNDK/SNDK_10Q_2024-12-27.htm
STX_10K_2026-07-03,Seagate Technology,STX,0001137789,10-K,2026-08-04,2026-07-03,0001137789-26-000159,stx-20260703.htm,True,https://www.sec.gov/Archives/edgar/data/1137789/000113778926000159/stx-20260703.htm,raw/STX/STX_10K_2026-07-03.htm
STX_10Q_2026-04-03,Seagate Technology,STX,0001137789,10-Q,2026-04-29,2026-04-03,0001137789-26-000088,stx-20260403.htm,True,https://www.sec.gov/Archives/edgar/data/1137789/000113778926000088/stx-20260403.htm,raw/STX/STX_10Q_2026-04-03.htm
STX_10Q_2026-01-02,Seagate Technology,STX,0001137789,10-Q,2026-01-30,2026-01-02,0001137789-26-000026,stx-20260102.htm,True,https://www.sec.gov/Archives/edgar/data/1137789/000113778926000026/stx-20260102.htm,raw/STX/STX_10Q_2026-01-02.htm
STX_10Q_2025-10-03,Seagate Technology,STX,0001137789,10-Q,2025-10-31,2025-10-03,0001137789-25-000317,stx-20251003.htm,True,https://www.sec.gov/Archives/edgar/data/1137789/000113778925000317/stx-20251003.htm,raw/STX/STX_10Q_2025-10-03.htm
STX_10K_2025-06-27,Seagate Technology,STX,0001137789,10-K,2025-08-01,2025-06-27,0001137789-25-000157,stx-20250627.htm,True,https://www.sec.gov/Archives/edgar/data/1137789/000113778925000157/stx-20250627.htm,raw/STX/STX_10K_2025-06-27.htm
STX_10Q_2025-03-28,Seagate Technology,STX,0001137789,10-Q,2025-05-02,2025-03-28,0001137789-25-000075,stx-20250328.htm,True,https://www.sec.gov/Archives/edgar/data/1137789/000113778925000075/stx-20250328.htm,raw/STX/STX_10Q_2025-03-28.htm
STX_10Q_2024-12-27,Seagate Technology,STX,0001137789,10-Q,2025-01-24,2024-12-27,0001137789-25-000020,stx-20241227.htm,True,https://www.sec.gov/Archives/edgar/data/1137789/000113778925000020/stx-20241227.htm,raw/STX/STX_10Q_2024-12-27.htm
STX_10Q_2024-09-27,Seagate Technology,STX,0001137789,10-Q,2024-10-25,2024-09-27,0001137789-24-000182,stx-20240927.htm,True,https://www.sec.gov/Archives/edgar/data/1137789/000113778924000182/stx-20240927.htm,raw/STX/STX_10Q_2024-09-27.htm
SHOP_10Q_2026-06-30,Shopify,SHOP,0001594805,10-Q,2026-08-05,2026-06-30,0001594805-26-000047,shop-20260630.htm,True,https://www.sec.gov/Archives/edgar/data/1594805/000159480526000047/shop-20260630.htm,raw/SHOP/SHOP_10Q_2026-06-30.htm
SHOP_10Q_2026-03-31,Shopify,SHOP,0001594805,10-Q,2026-05-05,2026-03-31,0001594805-26-000019,shop-20260331.htm,True,https://www.sec.gov/Archives/edgar/data/1594805/000159480526000019/shop-20260331.htm,raw/SHOP/SHOP_10Q_2026-03-31.htm
SHOP_10K_2025-12-31,Shopify,SHOP,0001594805,10-K,2026-02-11,2025-12-31,0001594805-26-000007,shop-20251231.htm,True,https://www.sec.gov/Archives/edgar/data/1594805/000159480526000007/shop-20251231.htm,raw/SHOP/SHOP_10K_2025-12-31.htm
SHOP_10Q_2025-09-30,Shopify,SHOP,0001594805,10-Q,2025-11-04,2025-09-30,0001594805-25-000089,shop-20250930.htm,True,https://www.sec.gov/Archives/edgar/data/1594805/000159480525000089/shop-20250930.htm,raw/SHOP/SHOP_10Q_2025-09-30.htm
SHOP_10Q_2025-06-30,Shopify,SHOP,0001594805,10-Q,2025-08-06,2025-06-30,0001594805-25-000073,shop-20250630.htm,True,https://www.sec.gov/Archives/edgar/data/1594805/000159480525000073/shop-20250630.htm,raw/SHOP/SHOP_10Q_2025-06-30.htm
SHOP_10Q_2025-03-31,Shopify,SHOP,0001594805,10-Q,2025-05-08,2025-03-31,0001594805-25-000046,shop-20250331.htm,True,https://www.sec.gov/Archives/edgar/data/1594805/000159480525000046/shop-20250331.htm,raw/SHOP/SHOP_10Q_2025-03-31.htm
SHOP_10K_2024-12-31,Shopify,SHOP,0001594805,10-K,2025-02-11,2024-12-31,0001594805-25-000012,shop-20241231.htm,True,https://www.sec.gov/Archives/edgar/data/1594805/000159480525000012/shop-20241231.htm,raw/SHOP/SHOP_10K_2024-12-31.htm
SPCX_10Q_2026-06-30,SpaceX,SPCX,0001181412,10-Q,2026-08-04,2026-06-30,0001628280-26-052535,spcx-20260630.htm,True,https://www.sec.gov/Archives/edgar/data/1181412/000162828026052535/spcx-20260630.htm,raw/SPCX/SPCX_10Q_2026-06-30.htm
SBUX_10Q_2026-06-28,Starbucks,SBUX,0000829224,10-Q,2026-07-29,2026-06-28,0000829224-26-000130,sbux-20260628.htm,True,https://www.sec.gov/Archives/edgar/data/829224/000082922426000130/sbux-20260628.htm,raw/SBUX/SBUX_10Q_2026-06-28.htm
SBUX_10Q_2026-03-29,Starbucks,SBUX,0000829224,10-Q,2026-04-28,2026-03-29,0000829224-26-000080,sbux-20260329.htm,True,https://www.sec.gov/Archives/edgar/data/829224/000082922426000080/sbux-20260329.htm,raw/SBUX/SBUX_10Q_2026-03-29.htm
SBUX_10Q_2025-12-28,Starbucks,SBUX,0000829224,10-Q,2026-01-28,2025-12-28,0000829224-26-000011,sbux-20251228.htm,True,https://www.sec.gov/Archives/edgar/data/829224/000082922426000011/sbux-20251228.htm,raw/SBUX/SBUX_10Q_2025-12-28.htm
SBUX_10K_2025-09-28,Starbucks,SBUX,0000829224,10-K,2025-11-14,2025-09-28,0000829224-25-000114,sbux-20250928.htm,True,https://www.sec.gov/Archives/edgar/data/829224/000082922425000114/sbux-20250928.htm,raw/SBUX/SBUX_10K_2025-09-28.htm
SBUX_10Q_2025-06-29,Starbucks,SBUX,0000829224,10-Q,2025-07-29,2025-06-29,0000829224-25-000058,sbux-20250629.htm,True,https://www.sec.gov/Archives/edgar/data/829224/000082922425000058/sbux-20250629.htm,raw/SBUX/SBUX_10Q_2025-06-29.htm
SBUX_10Q_2025-03-30,Starbucks,SBUX,0000829224,10-Q,2025-04-29,2025-03-30,0000829224-25-000034,sbux-20250330.htm,True,https://www.sec.gov/Archives/edgar/data/829224/000082922425000034/sbux-20250330.htm,raw/SBUX/SBUX_10Q_2025-03-30.htm
SBUX_10Q_2024-12-29,Starbucks,SBUX,0000829224,10-Q,2025-01-28,2024-12-29,0000829224-25-000014,sbux-20241229.htm,True,https://www.sec.gov/Archives/edgar/data/829224/000082922425000014/sbux-20241229.htm,raw/SBUX/SBUX_10Q_2024-12-29.htm
SBUX_10K_2024-09-29,Starbucks,SBUX,0000829224,10-K,2024-11-20,2024-09-29,0000829224-24-000057,sbux-20240929.htm,True,https://www.sec.gov/Archives/edgar/data/829224/000082922424000057/sbux-20240929.htm,raw/SBUX/SBUX_10K_2024-09-29.htm
SNPS_10Q_2026-07-31,Synopsys,SNPS,0000883241,10-Q,2026-08-26,2026-07-31,0000883241-26-000025,snps-20260731.htm,True,https://www.sec.gov/Archives/edgar/data/883241/000088324126000025/snps-20260731.htm,raw/SNPS/SNPS_10Q_2026-07-31.htm
SNPS_10Q_2026-04-30,Synopsys,SNPS,0000883241,10-Q,2026-05-27,2026-04-30,0000883241-26-000018,snps-20260430.htm,True,https://www.sec.gov/Archives/edgar/data/883241/000088324126000018/snps-20260430.htm,raw/SNPS/SNPS_10Q_2026-04-30.htm
SNPS_10Q_2026-01-31,Synopsys,SNPS,0000883241,10-Q,2026-02-25,2026-01-31,0000883241-26-000014,snps-20260131.htm,True,https://www.sec.gov/Archives/edgar/data/883241/000088324126000014/snps-20260131.htm,raw/SNPS/SNPS_10Q_2026-01-31.htm
SNPS_10K_2025-10-31,Synopsys,SNPS,0000883241,10-K,2025-12-22,2025-10-31,0000883241-25-000028,snps-20251031.htm,True,https://www.sec.gov/Archives/edgar/data/883241/000088324125000028/snps-20251031.htm,raw/SNPS/SNPS_10K_2025-10-31.htm
SNPS_10Q_2025-07-31,Synopsys,SNPS,0000883241,10-Q,2025-09-09,2025-07-31,0000883241-25-000024,snps-20250731.htm,True,https://www.sec.gov/Archives/edgar/data/883241/000088324125000024/snps-20250731.htm,raw/SNPS/SNPS_10Q_2025-07-31.htm
SNPS_10Q_2025-04-30,Synopsys,SNPS,0000883241,10-Q,2025-05-28,2025-04-30,0000883241-25-000017,snps-20250430.htm,True,https://www.sec.gov/Archives/edgar/data/883241/000088324125000017/snps-20250430.htm,raw/SNPS/SNPS_10Q_2025-04-30.htm
SNPS_10Q_2025-01-31,Synopsys,SNPS,0000883241,10-Q,2025-02-26,2025-01-31,0000883241-25-000014,snps-20250131.htm,True,https://www.sec.gov/Archives/edgar/data/883241/000088324125000014/snps-20250131.htm,raw/SNPS/SNPS_10Q_2025-01-31.htm
SNPS_10K_2024-10-31,Synopsys,SNPS,0000883241,10-K,2024-12-19,2024-10-31,0000883241-24-000024,snps-20241031.htm,True,https://www.sec.gov/Archives/edgar/data/883241/000088324124000024/snps-20241031.htm,raw/SNPS/SNPS_10K_2024-10-31.htm
TMUS_10Q_2026-06-30,T-Mobile US,TMUS,0001283699,10-Q,2026-07-23,2026-06-30,0001283699-26-000101,tmus-20260630.htm,True,https://www.sec.gov/Archives/edgar/data/1283699/000128369926000101/tmus-20260630.htm,raw/TMUS/TMUS_10Q_2026-06-30.htm
TMUS_10Q_2026-03-31,T-Mobile US,TMUS,0001283699,10-Q,2026-04-28,2026-03-31,0001283699-26-000063,tmus-20260331.htm,True,https://www.sec.gov/Archives/edgar/data/1283699/000128369926000063/tmus-20260331.htm,raw/TMUS/TMUS_10Q_2026-03-31.htm
TMUS_10K_2025-12-31,T-Mobile US,TMUS,0001283699,10-K,2026-02-11,2025-12-31,0001283699-26-000010,tmus-20251231.htm,True,https://www.sec.gov/Archives/edgar/data/1283699/000128369926000010/tmus-20251231.htm,raw/TMUS/TMUS_10K_2025-12-31.htm
TMUS_10Q_2025-09-30,T-Mobile US,TMUS,0001283699,10-Q,2025-10-23,2025-09-30,0001283699-25-000154,tmus-20250930.htm,True,https://www.sec.gov/Archives/edgar/data/1283699/000128369925000154/tmus-20250930.htm,raw/TMUS/TMUS_10Q_2025-09-30.htm
TMUS_10Q_2025-06-30,T-Mobile US,TMUS,0001283699,10-Q,2025-07-23,2025-06-30,0001283699-25-000117,tmus-20250630.htm,True,https://www.sec.gov/Archives/edgar/data/1283699/000128369925000117/tmus-20250630.htm,raw/TMUS/TMUS_10Q_2025-06-30.htm
TMUS_10Q_2025-03-31,T-Mobile US,TMUS,0001283699,10-Q,2025-04-24,2025-03-31,0001283699-25-000079,tmus-20250331.htm,True,https://www.sec.gov/Archives/edgar/data/1283699/000128369925000079/tmus-20250331.htm,raw/TMUS/TMUS_10Q_2025-03-31.htm
TMUS_10K_2024-12-31,T-Mobile US,TMUS,0001283699,10-K,2025-01-31,2024-12-31,0001283699-25-000012,tmus-20241231.htm,True,https://www.sec.gov/Archives/edgar/data/1283699/000128369925000012/tmus-20241231.htm,raw/TMUS/TMUS_10K_2024-12-31.htm
TMUS_10Q_2024-09-30,T-Mobile US,TMUS,0001283699,10-Q,2024-10-23,2024-09-30,0001283699-24-000142,tmus-20240930.htm,True,https://www.sec.gov/Archives/edgar/data/1283699/000128369924000142/tmus-20240930.htm,raw/TMUS/TMUS_10Q_2024-09-30.htm
TTWO_10Q_2026-06-30,Take-Two Interactive,TTWO,0000946581,10-Q,2026-08-07,2026-06-30,0001628280-26-054870,ttwo-20260630.htm,True,https://www.sec.gov/Archives/edgar/data/946581/000162828026054870/ttwo-20260630.htm,raw/TTWO/TTWO_10Q_2026-06-30.htm
TTWO_10K_2026-03-31,Take-Two Interactive,TTWO,0000946581,10-K,2026-05-22,2026-03-31,0001628280-26-037434,ttwo-20260331.htm,True,https://www.sec.gov/Archives/edgar/data/946581/000162828026037434/ttwo-20260331.htm,raw/TTWO/TTWO_10K_2026-03-31.htm
TTWO_10Q_2025-12-31,Take-Two Interactive,TTWO,0000946581,10-Q,2026-02-04,2025-12-31,0001628280-26-005119,ttwo-20251231.htm,True,https://www.sec.gov/Archives/edgar/data/946581/000162828026005119/ttwo-20251231.htm,raw/TTWO/TTWO_10Q_2025-12-31.htm
TTWO_10Q_2025-09-30,Take-Two Interactive,TTWO,0000946581,10-Q,2025-11-07,2025-09-30,0001628280-25-050326,ttwo-20250930.htm,True,https://www.sec.gov/Archives/edgar/data/946581/000162828025050326/ttwo-20250930.htm,raw/TTWO/TTWO_10Q_2025-09-30.htm
TTWO_10Q_2025-06-30,Take-Two Interactive,TTWO,0000946581,10-Q,2025-08-07,2025-06-30,0001628280-25-038963,ttwo-20250630.htm,True,https://www.sec.gov/Archives/edgar/data/946581/000162828025038963/ttwo-20250630.htm,raw/TTWO/TTWO_10Q_2025-06-30.htm
TTWO_10K_2025-03-31,Take-Two Interactive,TTWO,0000946581,10-K,2025-05-20,2025-03-31,0001628280-25-026694,ttwo-20250331.htm,True,https://www.sec.gov/Archives/edgar/data/946581/000162828025026694/ttwo-20250331.htm,raw/TTWO/TTWO_10K_2025-03-31.htm
TTWO_10Q_2024-12-31,Take-Two Interactive,TTWO,0000946581,10-Q,2025-02-07,2024-12-31,0001628280-25-004308,ttwo-20241231.htm,True,https://www.sec.gov/Archives/edgar/data/946581/000162828025004308/ttwo-20241231.htm,raw/TTWO/TTWO_10Q_2024-12-31.htm
TTWO_10Q_2024-09-30,Take-Two Interactive,TTWO,0000946581,10-Q,2024-11-07,2024-09-30,0001628280-24-045867,ttwo-20240930.htm,True,https://www.sec.gov/Archives/edgar/data/946581/000162828024045867/ttwo-20240930.htm,raw/TTWO/TTWO_10Q_2024-09-30.htm
TER_10Q_2026-06-28,Teradyne,TER,0000097210,10-Q,2026-07-31,2026-06-28,0001193125-26-327715,ter-20260628.htm,True,https://www.sec.gov/Archives/edgar/data/97210/000119312526327715/ter-20260628.htm,raw/TER/TER_10Q_2026-06-28.htm
TER_10Q_2026-03-29,Teradyne,TER,0000097210,10-Q,2026-05-01,2026-03-29,0001193125-26-201058,ter-20260329.htm,True,https://www.sec.gov/Archives/edgar/data/97210/000119312526201058/ter-20260329.htm,raw/TER/TER_10Q_2026-03-29.htm
TER_10K_2025-12-31,Teradyne,TER,0000097210,10-K,2026-02-19,2025-12-31,0001193125-26-059002,ter-20251231.htm,True,https://www.sec.gov/Archives/edgar/data/97210/000119312526059002/ter-20251231.htm,raw/TER/TER_10K_2025-12-31.htm
TER_10Q_2025-09-28,Teradyne,TER,0000097210,10-Q,2025-10-30,2025-09-28,0001193125-25-258477,ter-20250928.htm,True,https://www.sec.gov/Archives/edgar/data/97210/000119312525258477/ter-20250928.htm,raw/TER/TER_10Q_2025-09-28.htm
TER_10Q_2025-06-29,Teradyne,TER,0000097210,10-Q,2025-08-01,2025-06-29,0000950170-25-101248,ter-20250629.htm,True,https://www.sec.gov/Archives/edgar/data/97210/000095017025101248/ter-20250629.htm,raw/TER/TER_10Q_2025-06-29.htm
TER_10Q_2025-03-30,Teradyne,TER,0000097210,10-Q,2025-05-02,2025-03-30,0000950170-25-062503,ter-20250330.htm,True,https://www.sec.gov/Archives/edgar/data/97210/000095017025062503/ter-20250330.htm,raw/TER/TER_10Q_2025-03-30.htm
TER_10K_2024-12-31,Teradyne,TER,0000097210,10-K,2025-02-20,2024-12-31,0000950170-25-023784,ter-20241231.htm,True,https://www.sec.gov/Archives/edgar/data/97210/000095017025023784/ter-20241231.htm,raw/TER/TER_10K_2024-12-31.htm
TER_10Q_2024-09-29,Teradyne,TER,0000097210,10-Q,2024-11-01,2024-09-29,0000950170-24-119923,ter-20240929.htm,True,https://www.sec.gov/Archives/edgar/data/97210/000095017024119923/ter-20240929.htm,raw/TER/TER_10Q_2024-09-29.htm
TSLA_10Q_2026-06-30,"Tesla, Inc.",TSLA,0001318605,10-Q,2026-07-23,2026-06-30,0001628280-26-049270,tsla-20260630.htm,True,https://www.sec.gov/Archives/edgar/data/1318605/000162828026049270/tsla-20260630.htm,raw/TSLA/TSLA_10Q_2026-06-30.htm
TSLA_10Q_2026-03-31,"Tesla, Inc.",TSLA,0001318605,10-Q,2026-04-23,2026-03-31,0001628280-26-026673,tsla-20260331.htm,True,https://www.sec.gov/Archives/edgar/data/1318605/000162828026026673/tsla-20260331.htm,raw/TSLA/TSLA_10Q_2026-03-31.htm
TSLA_10K_2025-12-31,"Tesla, Inc.",TSLA,0001318605,10-K,2026-01-29,2025-12-31,0001628280-26-003952,tsla-20251231.htm,True,https://www.sec.gov/Archives/edgar/data/1318605/000162828026003952/tsla-20251231.htm,raw/TSLA/TSLA_10K_2025-12-31.htm
TSLA_10Q_2025-09-30,"Tesla, Inc.",TSLA,0001318605,10-Q,2025-10-23,2025-09-30,0001628280-25-045968,tsla-20250930.htm,True,https://www.sec.gov/Archives/edgar/data/1318605/000162828025045968/tsla-20250930.htm,raw/TSLA/TSLA_10Q_2025-09-30.htm
TSLA_10Q_2025-06-30,"Tesla, Inc.",TSLA,0001318605,10-Q,2025-07-24,2025-06-30,0001628280-25-035806,tsla-20250630.htm,True,https://www.sec.gov/Archives/edgar/data/1318605/000162828025035806/tsla-20250630.htm,raw/TSLA/TSLA_10Q_2025-06-30.htm
TSLA_10Q_2025-03-31,"Tesla, Inc.",TSLA,0001318605,10-Q,2025-04-23,2025-03-31,0001628280-25-018911,tsla-20250331.htm,True,https://www.sec.gov/Archives/edgar/data/1318605/000162828025018911/tsla-20250331.htm,raw/TSLA/TSLA_10Q_2025-03-31.htm
TSLA_10K_2024-12-31,"Tesla, Inc.",TSLA,0001318605,10-K,2025-01-30,2024-12-31,0001628280-25-003063,tsla-20241231.htm,True,https://www.sec.gov/Archives/edgar/data/1318605/000162828025003063/tsla-20241231.htm,raw/TSLA/TSLA_10K_2024-12-31.htm
TSLA_10Q_2024-09-30,"Tesla, Inc.",TSLA,0001318605,10-Q,2024-10-24,2024-09-30,0001628280-24-043486,tsla-20240930.htm,True,https://www.sec.gov/Archives/edgar/data/1318605/000162828024043486/tsla-20240930.htm,raw/TSLA/TSLA_10Q_2024-09-30.htm
TXN_10Q_2026-06-30,Texas Instruments,TXN,0000097476,10-Q,2026-07-24,2026-06-30,0000097476-26-000152,txn-20260630.htm,True,https://www.sec.gov/Archives/edgar/data/97476/000009747626000152/txn-20260630.htm,raw/TXN/TXN_10Q_2026-06-30.htm
TXN_10Q_2026-03-31,Texas Instruments,TXN,0000097476,10-Q,2026-04-24,2026-03-31,0000097476-26-000101,txn-20260331.htm,True,https://www.sec.gov/Archives/edgar/data/97476/000009747626000101/txn-20260331.htm,raw/TXN/TXN_10Q_2026-03-31.htm
TXN_10K_2025-12-31,Texas Instruments,TXN,0000097476,10-K,2026-02-06,2025-12-31,0000097476-26-000059,txn-20251231.htm,True,https://www.sec.gov/Archives/edgar/data/97476/000009747626000059/txn-20251231.htm,raw/TXN/TXN_10K_2025-12-31.htm
TXN_10Q_2025-09-30,Texas Instruments,TXN,0000097476,10-Q,2025-10-23,2025-09-30,0000097476-25-000060,txn-20250930.htm,True,https://www.sec.gov/Archives/edgar/data/97476/000009747625000060/txn-20250930.htm,raw/TXN/TXN_10Q_2025-09-30.htm
TXN_10Q_2025-06-30,Texas Instruments,TXN,0000097476,10-Q,2025-07-29,2025-06-30,0000097476-25-000036,txn-20250630.htm,True,https://www.sec.gov/Archives/edgar/data/97476/000009747625000036/txn-20250630.htm,raw/TXN/TXN_10Q_2025-06-30.htm
TXN_10Q_2025-03-31,Texas Instruments,TXN,0000097476,10-Q,2025-04-24,2025-03-31,0000097476-25-000027,txn-20250331.htm,True,https://www.sec.gov/Archives/edgar/data/97476/000009747625000027/txn-20250331.htm,raw/TXN/TXN_10Q_2025-03-31.htm
TXN_10K_2024-12-31,Texas Instruments,TXN,0000097476,10-K,2025-02-14,2024-12-31,0000097476-25-000007,txn-20241231.htm,True,https://www.sec.gov/Archives/edgar/data/97476/000009747625000007/txn-20241231.htm,raw/TXN/TXN_10K_2024-12-31.htm
TXN_10Q_2024-09-30,Texas Instruments,TXN,0000097476,10-Q,2024-10-23,2024-09-30,0000097476-24-000042,txn-20240930.htm,True,https://www.sec.gov/Archives/edgar/data/97476/000009747624000042/txn-20240930.htm,raw/TXN/TXN_10Q_2024-09-30.htm
VRTX_10Q_2026-06-30,Vertex Pharmaceuticals,VRTX,0000875320,10-Q,2026-08-04,2026-06-30,0000875320-26-000259,vrtx-20260630.htm,True,https://www.sec.gov/Archives/edgar/data/875320/000087532026000259/vrtx-20260630.htm,raw/VRTX/VRTX_10Q_2026-06-30.htm
VRTX_10Q_2026-03-31,Vertex Pharmaceuticals,VRTX,0000875320,10-Q,2026-05-05,2026-03-31,0000875320-26-000173,vrtx-20260331.htm,True,https://www.sec.gov/Archives/edgar/data/875320/000087532026000173/vrtx-20260331.htm,raw/VRTX/VRTX_10Q_2026-03-31.htm
VRTX_10K_2025-12-31,Vertex Pharmaceuticals,VRTX,0000875320,10-K,2026-02-13,2025-12-31,0000875320-26-000056,vrtx-20251231.htm,True,https://www.sec.gov/Archives/edgar/data/875320/000087532026000056/vrtx-20251231.htm,raw/VRTX/VRTX_10K_2025-12-31.htm
VRTX_10Q_2025-09-30,Vertex Pharmaceuticals,VRTX,0000875320,10-Q,2025-11-04,2025-09-30,0000875320-25-000232,vrtx-20250930.htm,True,https://www.sec.gov/Archives/edgar/data/875320/000087532025000232/vrtx-20250930.htm,raw/VRTX/VRTX_10Q_2025-09-30.htm
VRTX_10Q_2025-06-30,Vertex Pharmaceuticals,VRTX,0000875320,10-Q,2025-08-05,2025-06-30,0000875320-25-000216,vrtx-20250630.htm,True,https://www.sec.gov/Archives/edgar/data/875320/000087532025000216/vrtx-20250630.htm,raw/VRTX/VRTX_10Q_2025-06-30.htm
VRTX_10Q_2025-03-31,Vertex Pharmaceuticals,VRTX,0000875320,10-Q,2025-05-06,2025-03-31,0000875320-25-000192,vrtx-20250331.htm,True,https://www.sec.gov/Archives/edgar/data/875320/000087532025000192/vrtx-20250331.htm,raw/VRTX/VRTX_10Q_2025-03-31.htm
VRTX_10K_2024-12-31,Vertex Pharmaceuticals,VRTX,0000875320,10-K,2025-02-13,2024-12-31,0000875320-25-000053,vrtx-20241231.htm,True,https://www.sec.gov/Archives/edgar/data/875320/000087532025000053/vrtx-20241231.htm,raw/VRTX/VRTX_10K_2024-12-31.htm
VRTX_10Q_2024-09-30,Vertex Pharmaceuticals,VRTX,0000875320,10-Q,2024-11-05,2024-09-30,0000875320-24-000223,vrtx-20240930.htm,True,https://www.sec.gov/Archives/edgar/data/875320/000087532024000223/vrtx-20240930.htm,raw/VRTX/VRTX_10Q_2024-09-30.htm
WMT_10Q_2026-07-31,Walmart,WMT,0000104169,10-Q,2026-08-28,2026-07-31,0000104169-26-000154,wmt-20260731.htm,True,https://www.sec.gov/Archives/edgar/data/104169/000010416926000154/wmt-20260731.htm,raw/WMT/WMT_10Q_2026-07-31.htm
WMT_10Q_2026-04-30,Walmart,WMT,0000104169,10-Q,2026-05-29,2026-04-30,0000104169-26-000102,wmt-20260430.htm,True,https://www.sec.gov/Archives/edgar/data/104169/000010416926000102/wmt-20260430.htm,raw/WMT/WMT_10Q_2026-04-30.htm
WMT_10K_2026-01-31,Walmart,WMT,0000104169,10-K,2026-03-13,2026-01-31,0000104169-26-000055,wmt-20260131.htm,True,https://www.sec.gov/Archives/edgar/data/104169/000010416926000055/wmt-20260131.htm,raw/WMT/WMT_10K_2026-01-31.htm
WMT_10Q_2025-10-31,Walmart,WMT,0000104169,10-Q,2025-12-03,2025-10-31,0000104169-25-000191,wmt-20251031.htm,True,https://www.sec.gov/Archives/edgar/data/104169/000010416925000191/wmt-20251031.htm,raw/WMT/WMT_10Q_2025-10-31.htm
WMT_10Q_2025-07-31,Walmart,WMT,0000104169,10-Q,2025-08-29,2025-07-31,0000104169-25-000137,wmt-20250731.htm,True,https://www.sec.gov/Archives/edgar/data/104169/000010416925000137/wmt-20250731.htm,raw/WMT/WMT_10Q_2025-07-31.htm
WMT_10Q_2025-04-30,Walmart,WMT,0000104169,10-Q,2025-06-06,2025-04-30,0000104169-25-000090,wmt-20250430.htm,True,https://www.sec.gov/Archives/edgar/data/104169/000010416925000090/wmt-20250430.htm,raw/WMT/WMT_10Q_2025-04-30.htm
WMT_10K_2025-01-31,Walmart,WMT,0000104169,10-K,2025-03-14,2025-01-31,0000104169-25-000021,wmt-20250131.htm,True,https://www.sec.gov/Archives/edgar/data/104169/000010416925000021/wmt-20250131.htm,raw/WMT/WMT_10K_2025-01-31.htm
WMT_10Q_2024-10-31,Walmart,WMT,0000104169,10-Q,2024-12-06,2024-10-31,0000104169-24-000178,wmt-20241031.htm,True,https://www.sec.gov/Archives/edgar/data/104169/000010416924000178/wmt-20241031.htm,raw/WMT/WMT_10Q_2024-10-31.htm
WBD_10Q_2026-06-30,Warner Bros. Discovery,WBD,0001437107,10-Q,2026-08-06,2026-06-30,0001437107-26-000075,wbd-20260630.htm,True,https://www.sec.gov/Archives/edgar/data/1437107/000143710726000075/wbd-20260630.htm,raw/WBD/WBD_10Q_2026-06-30.htm
WBD_10Q_2026-03-31,Warner Bros. Discovery,WBD,0001437107,10-Q,2026-05-06,2026-03-31,0001437107-26-000057,wbd-20260331.htm,True,https://www.sec.gov/Archives/edgar/data/1437107/000143710726000057/wbd-20260331.htm,raw/WBD/WBD_10Q_2026-03-31.htm
WBD_10K_2025-12-31,Warner Bros. Discovery,WBD,0001437107,10-K,2026-02-27,2025-12-31,0001437107-26-000020,wbd-20251231.htm,True,https://www.sec.gov/Archives/edgar/data/1437107/000143710726000020/wbd-20251231.htm,raw/WBD/WBD_10K_2025-12-31.htm
WBD_10Q_2025-09-30,Warner Bros. Discovery,WBD,0001437107,10-Q,2025-11-06,2025-09-30,0001437107-25-000216,wbd-20250930.htm,True,https://www.sec.gov/Archives/edgar/data/1437107/000143710725000216/wbd-20250930.htm,raw/WBD/WBD_10Q_2025-09-30.htm
WBD_10Q_2025-06-30,Warner Bros. Discovery,WBD,0001437107,10-Q,2025-08-07,2025-06-30,0001437107-25-000192,wbd-20250630.htm,True,https://www.sec.gov/Archives/edgar/data/1437107/000143710725000192/wbd-20250630.htm,raw/WBD/WBD_10Q_2025-06-30.htm
WBD_10Q_2025-03-31,Warner Bros. Discovery,WBD,0001437107,10-Q,2025-05-08,2025-03-31,0001437107-25-000096,disca-20250331.htm,True,https://www.sec.gov/Archives/edgar/data/1437107/000143710725000096/disca-20250331.htm,raw/WBD/WBD_10Q_2025-03-31.htm
WBD_10K_2024-12-31,Warner Bros. Discovery,WBD,0001437107,10-K,2025-02-27,2024-12-31,0001437107-25-000031,wbd-20241231.htm,True,https://www.sec.gov/Archives/edgar/data/1437107/000143710725000031/wbd-20241231.htm,raw/WBD/WBD_10K_2024-12-31.htm
WBD_10Q_2024-09-30,Warner Bros. Discovery,WBD,0001437107,10-Q,2024-11-07,2024-09-30,0001437107-24-000187,disca-20240930.htm,True,https://www.sec.gov/Archives/edgar/data/1437107/000143710724000187/disca-20240930.htm,raw/WBD/WBD_10Q_2024-09-30.htm
WDC_10K_2026-07-03,Western Digital,WDC,0000106040,10-K,2026-08-14,2026-07-03,0001628280-26-057139,wdc-20260703.htm,True,https://www.sec.gov/Archives/edgar/data/106040/000162828026057139/wdc-20260703.htm,raw/WDC/WDC_10K_2026-07-03.htm
WDC_10Q_2026-04-03,Western Digital,WDC,0000106040,10-Q,2026-05-01,2026-04-03,0001628280-26-029054,wdc-20260403.htm,True,https://www.sec.gov/Archives/edgar/data/106040/000162828026029054/wdc-20260403.htm,raw/WDC/WDC_10Q_2026-04-03.htm
WDC_10Q_2026-01-02,Western Digital,WDC,0000106040,10-Q,2026-01-30,2026-01-02,0001628280-26-004207,wdc-20260102.htm,True,https://www.sec.gov/Archives/edgar/data/106040/000162828026004207/wdc-20260102.htm,raw/WDC/WDC_10Q_2026-01-02.htm
WDC_10Q_2025-10-03,Western Digital,WDC,0000106040,10-Q,2025-10-31,2025-10-03,0001628280-25-047613,wdc-20251003.htm,True,https://www.sec.gov/Archives/edgar/data/106040/000162828025047613/wdc-20251003.htm,raw/WDC/WDC_10Q_2025-10-03.htm
WDC_10K_2025-06-27,Western Digital,WDC,0000106040,10-K,2025-08-14,2025-06-27,0000106040-25-000038,wdc-20250627.htm,True,https://www.sec.gov/Archives/edgar/data/106040/000010604025000038/wdc-20250627.htm,raw/WDC/WDC_10K_2025-06-27.htm
WDC_10Q_2025-03-28,Western Digital,WDC,0000106040,10-Q,2025-05-02,2025-03-28,0000106040-25-000026,wdc-20250328.htm,True,https://www.sec.gov/Archives/edgar/data/106040/000010604025000026/wdc-20250328.htm,raw/WDC/WDC_10Q_2025-03-28.htm
WDC_10Q_2024-12-27,Western Digital,WDC,0000106040,10-Q,2025-01-31,2024-12-27,0000106040-25-000008,wdc-20241227.htm,True,https://www.sec.gov/Archives/edgar/data/106040/000010604025000008/wdc-20241227.htm,raw/WDC/WDC_10Q_2024-12-27.htm
WDC_10Q_2024-09-27,Western Digital,WDC,0000106040,10-Q,2024-10-31,2024-09-27,0000106040-24-000040,wdc-20240927.htm,True,https://www.sec.gov/Archives/edgar/data/106040/000010604024000040/wdc-20240927.htm,raw/WDC/WDC_10Q_2024-09-27.htm
WDAY_10Q_2026-07-31,"Workday, Inc.",WDAY,0001327811,10-Q,2026-08-27,2026-07-31,0001327811-26-000044,wday-20260731.htm,True,https://www.sec.gov/Archives/edgar/data/1327811/000132781126000044/wday-20260731.htm,raw/WDAY/WDAY_10Q_2026-07-31.htm
WDAY_10Q_2026-04-30,"Workday, Inc.",WDAY,0001327811,10-Q,2026-05-22,2026-04-30,0001327811-26-000026,wday-20260430.htm,True,https://www.sec.gov/Archives/edgar/data/1327811/000132781126000026/wday-20260430.htm,raw/WDAY/WDAY_10Q_2026-04-30.htm
WDAY_10K_2026-01-31,"Workday, Inc.",WDAY,0001327811,10-K,2026-03-06,2026-01-31,0001327811-26-000014,wday-20260131.htm,True,https://www.sec.gov/Archives/edgar/data/1327811/000132781126000014/wday-20260131.htm,raw/WDAY/WDAY_10K_2026-01-31.htm
WDAY_10Q_2025-10-31,"Workday, Inc.",WDAY,0001327811,10-Q,2025-11-26,2025-10-31,0001327811-25-000198,wday-20251031.htm,True,https://www.sec.gov/Archives/edgar/data/1327811/000132781125000198/wday-20251031.htm,raw/WDAY/WDAY_10Q_2025-10-31.htm
WDAY_10Q_2025-07-31,"Workday, Inc.",WDAY,0001327811,10-Q,2025-08-22,2025-07-31,0001327811-25-000184,wday-20250731.htm,True,https://www.sec.gov/Archives/edgar/data/1327811/000132781125000184/wday-20250731.htm,raw/WDAY/WDAY_10Q_2025-07-31.htm
WDAY_10Q_2025-04-30,"Workday, Inc.",WDAY,0001327811,10-Q,2025-05-23,2025-04-30,0001327811-25-000107,wday-20250430.htm,True,https://www.sec.gov/Archives/edgar/data/1327811/000132781125000107/wday-20250430.htm,raw/WDAY/WDAY_10Q_2025-04-30.htm
WDAY_10K_2025-01-31,"Workday, Inc.",WDAY,0001327811,10-K,2025-03-11,2025-01-31,0001327811-25-000056,wday-20250131.htm,True,https://www.sec.gov/Archives/edgar/data/1327811/000132781125000056/wday-20250131.htm,raw/WDAY/WDAY_10K_2025-01-31.htm
WDAY_10Q_2024-10-31,"Workday, Inc.",WDAY,0001327811,10-Q,2024-12-05,2024-10-31,0001327811-24-000242,wday-20241031.htm,True,https://www.sec.gov/Archives/edgar/data/1327811/000132781124000242/wday-20241031.htm,raw/WDAY/WDAY_10Q_2024-10-31.htm
XEL_10Q_2026-06-30,Xcel Energy,XEL,0000072903,10-Q,2026-07-30,2026-06-30,0000072903-26-000154,xel-20260630.htm,True,https://www.sec.gov/Archives/edgar/data/72903/000007290326000154/xel-20260630.htm,raw/XEL/XEL_10Q_2026-06-30.htm
XEL_10Q_2026-03-31,Xcel Energy,XEL,0000072903,10-Q,2026-04-30,2026-03-31,0000072903-26-000073,xel-20260331.htm,True,https://www.sec.gov/Archives/edgar/data/72903/000007290326000073/xel-20260331.htm,raw/XEL/XEL_10Q_2026-03-31.htm
XEL_10K_2025-12-31,Xcel Energy,XEL,0000072903,10-K,2026-02-25,2025-12-31,0000072903-26-000009,xel-20251231.htm,True,https://www.sec.gov/Archives/edgar/data/72903/000007290326000009/xel-20251231.htm,raw/XEL/XEL_10K_2025-12-31.htm
XEL_10Q_2025-09-30,Xcel Energy,XEL,0000072903,10-Q,2025-10-30,2025-09-30,0000072903-25-000257,xel-20250930.htm,True,https://www.sec.gov/Archives/edgar/data/72903/000007290325000257/xel-20250930.htm,raw/XEL/XEL_10Q_2025-09-30.htm
XEL_10Q_2025-06-30,Xcel Energy,XEL,0000072903,10-Q,2025-07-31,2025-06-30,0000072903-25-000225,xel-20250630.htm,True,https://www.sec.gov/Archives/edgar/data/72903/000007290325000225/xel-20250630.htm,raw/XEL/XEL_10Q_2025-06-30.htm
XEL_10Q_2025-03-31,Xcel Energy,XEL,0000072903,10-Q,2025-04-24,2025-03-31,0000072903-25-000088,xel-20250331.htm,True,https://www.sec.gov/Archives/edgar/data/72903/000007290325000088/xel-20250331.htm,raw/XEL/XEL_10Q_2025-03-31.htm
XEL_10K_2024-12-31,Xcel Energy,XEL,0000072903,10-K,2025-02-27,2024-12-31,0000072903-25-000029,xel-20241231.htm,True,https://www.sec.gov/Archives/edgar/data/72903/000007290325000029/xel-20241231.htm,raw/XEL/XEL_10K_2024-12-31.htm
XEL_10Q_2024-09-30,Xcel Energy,XEL,0000072903,10-Q,2024-10-31,2024-09-30,0000072903-24-000199,xel-20240930.htm,True,https://www.sec.gov/Archives/edgar/data/72903/000007290324000199/xel-20240930.htm,raw/XEL/XEL_10Q_2024-09-30.htm
